A,0.714985,0.70013,-0.946009,-0.960287,-0.967274,-0.981497,0.967786,0.214854,0.258362,0.287242,1.07216,1,-1.05581,0.108548,0.0914021
A,0.800947,0.797318,-0.905598,-0.927659,-0.943443,-0.976527,0.977337,0.239503,0.293288,0.356692,1.11419,1,-1.25142,0.178657,0.140561
A,0.786375,0.786956,-0.906287,-0.951143,-0.960389,-0.980105,0.974749,0.241001,0.281346,0.351791,1.10932,1,-1.19087,0.182429,0.113694
A,0.805133,0.831723,-0.913482,-0.952963,-0.959106,-0.974167,0.954676,0.241805,0.291983,0.385043,1.1188,1,-1.24492,0.186653,0.104794
A,0.778918,0.764023,-0.916859,-0.948395,-0.956225,-0.976704,0.954774,0.231094,0.287905,0.347266,1.11801,1,-1.16887,0.184517,0.129405
A,0.749841,0.759719,-0.890088,-0.924197,-0.943676,-0.971081,0.96701,0.204918,0.29765,0.351448,1.09864,1,-1.18741,0.174155,0.125764
A,0.755989,0.751711,-0.923585,-0.941312,-0.948012,-0.970875,0.92808,0.218642,0.261919,0.300405,1.11692,1,-1.11021,0.1384,0.116385
A,0.686181,0.67019,-0.888706,-0.945131,-0.961997,-0.988162,0.961423,0.231831,0.256007,0.261208,1.13418,1,-0.981124,0.103566,0.130322
A,0.781032,0.773954,-0.865164,-0.92185,-0.955735,-0.978559,0.933325,0.249827,0.293354,0.274991,1.16301,1,-0.995722,0.0918875,0.140426
A,0.796696,0.785764,-0.849006,-0.932831,-0.96613,-0.986393,0.934743,0.244494,0.281168,0.27406,1.15178,1,-0.974761,0.0769736,0.166165
A,0.80188,0.796679,-0.884819,-0.925337,-0.956026,-0.984187,0.919492,0.250104,0.29257,0.282404,1.15839,1,-1.04887,0.0818056,0.126539
A,0.723914,0.698923,-0.848348,-0.927094,-0.961769,-0.975294,0.94931,0.229036,0.251799,0.243566,1.15206,1,-0.933985,0.0984232,0.147375
A,0.722346,0.737081,-0.871848,-0.933671,-0.960106,-0.976498,0.945212,0.209978,0.248698,0.272525,1.11294,1,-0.967128,0.110776,0.119839
A,0.72594,0.740621,-0.874185,-0.939681,-0.964307,-0.97852,0.941613,0.199381,0.246843,0.282099,1.10908,1,-0.950521,0.120861,0.121198
A,0.731729,0.721108,-0.88012,-0.934109,-0.958791,-0.977816,0.959114,0.20443,0.249423,0.262695,1.11821,1,-0.963155,0.105187,0.129621
A,0.758078,0.781737,-0.880294,-0.951234,-0.971339,-0.989636,0.937868,0.21788,0.255565,0.279377,1.10959,1,-0.970065,0.09326,0.10006
A,0.789466,0.803697,-0.889639,-0.947332,-0.967906,-0.992047,0.944395,0.227148,0.268259,0.302606,1.13928,1,-1.03682,0.107255,0.103278
A,0.77952,0.794295,-0.902021,-0.955853,-0.974064,-0.991855,0.942317,0.21462,0.255287,0.295105,1.1175,1,-1.00106,0.112389,0.104377
A,0.72375,0.742537,-0.875273,-0.931084,-0.944163,-0.966512,0.942082,0.212986,0.255775,0.282424,1.12588,1,-1.02427,0.111685,0.0949658
A,0.721825,0.74371,-0.86069,-0.932929,-0.950324,-0.972616,0.922226,0.209707,0.265372,0.293063,1.12157,1,-1.00032,0.139737,0.106229
A,0.755532,0.757525,-0.879497,-0.937944,-0.956156,-0.973579,0.947654,0.231005,0.267569,0.287089,1.1382,1,-1.04729,0.136556,0.104019
A,0.745684,0.753009,-0.875315,-0.930654,-0.950407,-0.969343,0.938447,0.22751,0.264961,0.285273,1.14098,1,-1.05341,0.128333,0.10619
B,0.694003,0.114145,0.534548,0.38684,0.252861,0.428699,0.986087,0.155036,0.210537,0.204598,1.08217,1,0.293608,-0.00851609,-0.021939
B,0.597968,0.146541,0.655715,0.460577,0.381503,0.57622,0.999122,0.149831,0.195551,0.195646,1.07491,1,0.277531,-0.0247771,-0.0069189
B,0.159826,0.309554,0.977502,0.985129,0.992918,0.999763,0.993163,0.0989655,0.0730727,0.169472,0.928272,1,-0.122337,0.00471597,0.0225724
B,0.175172,0.261435,0.97127,0.977189,0.984819,0.998151,0.971989,0.0997328,0.07611,0.166252,0.930097,1,-0.127553,-0.00379052,0.0157071
B,0.157127,0.267507,0.966312,0.974957,0.979448,0.996731,0.921163,0.10615,0.0761584,0.163679,0.921283,1,-0.126293,-0.0056602,0.0138256
B,0.157725,0.260755,0.957562,0.972552,0.985919,0.998177,0.937889,0.0926592,0.0712892,0.156117,0.935182,1,-0.135389,-0.00434736,0.0190863
B,0.16989,0.261658,0.961841,0.975626,0.989291,0.998499,0.955569,0.10051,0.0699951,0.157818,0.928452,1,-0.127136,-0.00162997,0.0193978
B,0.165899,0.268185,0.963066,0.975049,0.986893,0.99781,0.96135,0.0992489,0.0724919,0.156228,0.930606,1,-0.128676,-0.00287939,0.0198801
B,0.169421,0.267119,0.966863,0.975274,0.987414,0.998394,0.961262,0.0952541,0.072806,0.160916,0.934664,1,-0.127273,-0.00342418,0.0186265
B,0.151902,0.28218,0.959248,0.972359,0.98516,0.998233,0.921411,0.0878633,0.0709976,0.160196,0.939567,1,-0.125642,-0.00188765,0.0173592
B,0.103682,0.357817,0.95608,0.967094,0.97634,0.996132,0.750578,0.102673,0.0908153,0.164729,0.928522,1,-0.137629,0.00461092,0.0221195
B,0.100446,0.358038,0.95907,0.96863,0.979302,0.996455,0.783972,0.104086,0.0845432,0.164539,0.925833,1,-0.133768,0.00597336,0.0232297
B,0.0947696,0.369641,0.957685,0.967939,0.977821,0.99604,0.722172,0.104983,0.0872611,0.163996,0.926211,1,-0.134439,0.00657931,0.0241421
B,0.0922678,0.374363,0.959291,0.965919,0.975861,0.995957,0.750957,0.100524,0.0919713,0.163413,0.92856,1,-0.1349,0.00636493,0.0247929
B,0.0957802,0.378518,0.958044,0.964436,0.975507,0.995466,0.706625,0.101726,0.0955651,0.16558,0.929411,1,-0.13636,0.00671892,0.0238339
B,0.12805,0.300313,0.961581,0.966631,0.982783,0.997626,0.891255,0.0950981,0.0819031,0.163781,0.937411,1,-0.135969,0.00461739,0.0207552
B,0.0856109,0.406282,0.959824,0.962217,0.980237,0.996746,0.776502,0.0990252,0.0865849,0.171426,0.934583,1,-0.133344,0.0111797,0.0243205
B,0.0920017,0.423234,0.958759,0.960706,0.977371,0.994987,0.734656,0.0907391,0.0897942,0.179743,0.94037,1,-0.13173,0.0124923,0.0288214
B,0.0930096,0.419095,0.964821,0.965987,0.979314,0.997687,0.771904,0.100454,0.0880486,0.177161,0.931059,1,-0.12912,0.0124886,0.0261378
B,0.091016,0.425043,0.969851,0.966458,0.979463,0.997769,0.773039,0.100933,0.0893032,0.18182,0.931262,1,-0.131455,0.0122182,0.0243396
B,0.104502,0.433525,0.970928,0.965372,0.982578,0.999341,0.820934,0.100607,0.0847725,0.18828,0.936833,1,-0.13819,0.0160802,0.0278012
B,0.102376,0.444725,0.971122,0.973586,0.984172,0.998361,0.854097,0.106235,0.0768339,0.178038,0.930982,1,-0.130289,0.0167749,0.0202678
B,0.0903806,0.43804,0.967679,0.972644,0.984582,0.999511,0.864408,0.107438,0.0767721,0.181325,0.926344,1,-0.128264,0.0162418,0.0211756
B,0.0983758,0.459156,0.970902,0.969994,0.985947,0.999601,0.781187,0.0882162,0.0810051,0.190888,0.947333,1,-0.136317,0.0140383,0.027638
B,0.102763,0.453884,0.972139,0.971424,0.98505,0.999385,0.797346,0.0901936,0.0816861,0.190155,0.949521,1,-0.136245,0.0115075,0.0227774
C,0.45458,0.176325,0.870343,0.80654,0.788645,0.853677,0.944309,0.112117,0.0623128,0.0527223,0.960012,1,-0.28435,-0.0566128,0.00891016
C,0.568253,0.430327,0.100198,-0.236521,-0.278986,0.218104,0.976701,0.0584315,0.0940695,0.119787,1.00785,1,-0.200498,0.0256616,0.0736377
C,0.564373,0.404313,0.490957,-0.0602022,-0.12229,0.185534,0.978817,0.0754292,0.109491,0.109304,1.00154,1,-0.206693,0.0201948,0.0842066
C,0.591214,0.454583,0.528059,0.0870044,0.0224274,0.278515,0.997896,0.0737711,0.09591,0.129148,1.00505,1,-0.195741,0.0339037,0.0981145
C,0.598404,0.457501,0.429034,-0.000662032,-0.0595198,0.178264,0.991585,0.0786293,0.0884612,0.141799,1.01368,1,-0.192017,0.0423722,0.104805
C,0.577729,0.463518,0.473865,0.0617255,-0.00454365,0.219105,0.999739,0.0783129,0.0909115,0.129134,1.0104,1,-0.183123,0.0464997,0.105345
C,0.598428,0.472555,0.491152,0.042983,-0.0518812,0.167396,0.997617,0.0739712,0.098403,0.130534,1.01132,1,-0.188594,0.0418498,0.101841
C,0.607865,0.467299,0.455634,0.0267895,0.0224515,0.225001,0.995894,0.0686697,0.0970312,0.138339,1.01288,1,-0.194258,0.0402601,0.0990443
C,0.607853,0.473501,0.443063,-0.00418115,-0.0236648,0.242855,0.991639,0.0759475,0.0950495,0.121438,1.01382,1,-0.191477,0.0425575,0.104287
C,0.594956,0.473792,0.542823,0.132311,0.0881692,0.283481,0.999539,0.0822289,0.0927181,0.124923,1.0097,1,-0.18832,0.0449022,0.110237
C,0.615364,0.481009,0.452193,0.0455973,0.0187523,0.239995,0.999564,0.0723577,0.0958833,0.115251,1.00387,1,-0.191615,0.0406516,0.102907
C,0.600182,0.474466,0.536321,0.106681,0.0613771,0.221766,0.998337,0.0880745,0.0904843,0.125627,1.01309,1,-0.190121,0.0425991,0.110163
C,0.604961,0.470778,0.460916,0.0278408,0.0443883,0.217087,0.995102,0.0826279,0.0986465,0.130121,1.01723,1,-0.196835,0.0410315,0.10575
C,0.607817,0.50607,0.524876,-0.033818,-0.085768,0.201777,0.988697,0.097821,0.107393,0.122193,1.04316,1,-0.206947,0.0406758,0.0983476
C,0.648771,0.546592,0.574083,0.0333702,-0.0652977,0.190745,0.998698,0.102093,0.0959819,0.117653,1.0385,1,-0.21062,0.0377565,0.0995475
C,0.603881,0.501843,0.382843,0.00229168,-0.121065,0.148231,0.993613,0.0903141,0.0847041,0.122987,1.01255,1,-0.171983,0.0572198,0.112059
C,0.636912,0.516605,0.330797,0.0456104,-0.0302078,0.185028,0.94788,0.101822,0.0757241,0.099769,0.992439,1,-0.162373,0.0636058,0.152418
C,0.656367,0.494882,0.254025,-0.0277849,-0.116179,0.0772221,0.984446,0.112851,0.0874215,0.103924,0.995949,1,-0.169204,0.0621358,0.165243
C,0.66242,0.516836,0.266616,-0.0496676,-0.153048,0.0841061,0.953583,0.125675,0.0890957,0.0968637,0.997483,1,-0.166617,0.0654043,0.170374
C,0.68502,0.568065,0.198441,-0.0729878,-0.157701,0.0270186,0.940887,0.135182,0.0842735,0.100691,1.00963,1,-0.168371,0.0778386,0.192877
C,0.689689,0.569654,0.184608,-0.124391,-0.190755,-0.0100875,0.884378,0.146884,0.0974352,0.100466,1.00571,1,-0.179505,0.0763796,0.189429
C,0.697604,0.571917,0.275809,-0.0102367,-0.0647844,0.0833736,0.931762,0.123055,0.0894022,0.115842,1.00485,1,-0.169632,0.0740603,0.181891
C,0.700212,0.578608,0.36712,0.0622721,-0.00334457,0.154441,0.949831,0.112582,0.0846053,0.101115,0.989724,1,-0.167417,0.0653959,0.167997
C,0.694643,0.567161,0.281747,0.024485,-0.0398844,0.10499,0.930046,0.121219,0.0829886,0.107427,0.997092,1,-0.170708,0.0751014,0.177954
C,0.645127,0.528777,0.317707,0.021882,-0.129785,0.0682055,0.93392,0.127655,0.09047,0.103309,1.00222,1,-0.169506,0.0714006,0.166139
D,0.27335,0.952036,0.990915,-0.818859,-0.886741,-0.726965,0.902358,0.954689,0.144568,0.101573,1.8863,1,-0.392879,0.0643819,0.141636
D,0.268244,0.784963,0.981411,-0.749402,-0.7891,-0.468362,0.744325,0.763316,0.0977947,0.153426,1.68968,1,-0.341214,0.0595976,0.101148
D,0.339125,0.642838,0.924701,-0.775249,-0.77844,-0.480758,0.589832,0.711215,0.143024,0.252551,1.52854,1,-0.32589,0.0715172,0.113548
D,0.352226,0.378201,0.281178,-0.765362,-0.744057,-0.494243,0.66948,0.445929,0.100927,0.257624,1.2698,1,-0.33999,0.114319,0.139328
D,0.318345,0.989703,0.987822,-0.801669,-0.848918,-0.695332,0.767349,0.982163,0.134776,0.133563,1.84356,1,-0.372154,0.105309,0.14036
D,0.305515,1.09489,0.990129,-0.834698,-0.876324,-0.726197,0.708329,1.01338,0.135007,0.135166,1.9442,1,-0.417689,0.0788217,0.124144
D,0.261316,1.06934,0.995162,-0.834445,-0.900223,-0.822842,0.823275,1.02884,0.154874,0.140341,1.97527,1,-0.442799,0.0844076,0.124875
D,0.284956,1.16301,0.995588,-0.863055,-0.921868,-0.904163,0.838233,1.10426,0.159654,0.158263,2.06853,1,-0.520394,0.0788753,0.118019
D,0.292711,1.22387,0.996119,-0.869787,-0.926133,-0.887801,0.792621,1.16225,0.157891,0.154191,2.12287,1,-0.535343,0.0936965,0.125036
D,0.281158,1.15276,0.995653,-0.855621,-0.914595,-0.874314,0.834619,1.08288,0.156381,0.148337,2.03966,1,-0.479255,0.0943082,0.11965
D,0.289664,1.16576,0.996571,-0.846586,-0.90945,-0.872777,0.823761,1.08662,0.157383,0.154021,2.04335,1,-0.481739,0.0903966,0.120116
D,0.285336,1.13742,0.996297,-0.84409,-0.911901,-0.874864,0.845266,1.06097,0.160901,0.148584,2.02073,1,-0.472606,0.086056,0.10911
D,0.290374,1.18129,0.995187,-0.835886,-0.909798,-0.825212,0.83217,1.1733,0.159113,0.140946,2.12487,1,-0.520403,0.093376,0.121667
D,0.299131,1.14779,0.995065,-0.837959,-0.900344,-0.829422,0.775239,1.07827,0.152171,0.138132,2.03785,1,-0.482114,0.08156,0.09253
D,0.244449,1.06016,0.996164,-0.882239,-0.950099,-0.911521,0.947622,1.10341,0.161061,0.155805,2.0815,1,-0.551139,0.0650336,0.0756818
D,0.232023,0.995005,0.991165,-0.806231,-0.890807,-0.891085,0.93304,0.971418,0.15573,0.151501,1.94535,1,-0.481186,0.0484158,0.0594366
D,0.268362,1.11489,0.9956,-0.866301,-0.943215,-0.94379,0.906885,1.11362,0.166278,0.149435,2.09294,1,-0.558892,0.0616302,0.0533111
D,0.293403,1.126,0.994845,-0.870566,-0.947058,-0.940209,0.918023,1.11743,0.170646,0.140994,2.09961,1,-0.557803,0.0573081,0.0548752
D,0.260307,1.30099,0.996369,-0.861924,-0.952463,-0.933537,0.887659,1.37168,0.200622,0.188792,2.33465,1,-0.665811,0.106785,0.0996488
D,0.302838,1.30921,0.99761,-0.839199,-0.930706,-0.909057,0.93355,1.35101,0.177013,0.168324,2.309,1,-0.623016,0.106408,0.0952183
D,0.268706,1.12679,0.997892,-0.895395,-0.957382,-0.936237,0.91741,1.16124,0.172507,0.1552,2.14223,1,-0.590486,0.0839349,0.0777964
D,0.314637,1.25416,0.999069,-0.917314,-0.968512,-0.942868,0.893434,1.33271,0.184437,0.173475,2.31677,1,-0.696288,0.0992823,0.0761765
E,0.551813,0.101275,-0.541454,-0.824898,-0.857722,-0.774054,0.694677,0.235806,0.201308,0.157765,1.14834,1,0.406986,-0.0842485,0.264711
E,0.305766,0.274672,-0.808032,-0.841779,-0.748032,-0.359964,0.41194,0.158418,0.20609,0.179204,1.07607,1,-0.693023,0.111335,0.231376
E,0.238325,0.410089,-0.872431,-0.949483,-0.985187,-0.954367,0.613968,0.19678,0.177224,0.121706,0.976437,1,-0.667645,0.146317,0.09305
E,0.249814,0.424437,-0.872778,-0.946972,-0.98893,-0.94698,0.619125,0.186401,0.185359,0.11749,0.994015,1,-0.675306,0.15508,0.10286
E,0.201914,0.412105,-0.871456,-0.951206,-0.989948,-0.949394,0.596594,0.191098,0.185269,0.112131,1.00276,1,-0.658588,0.159496,0.0990153
E,0.20587,0.41317,-0.863686,-0.944019,-0.984367,-0.9452,0.625261,0.179031,0.179708,0.111863,1.00304,1,-0.646707,0.171164,0.100809
E,0.204658,0.40383,-0.874292,-0.949999,-0.987034,-0.937879,0.577862,0.189221,0.181707,0.109166,0.997137,1,-0.658678,0.162122,0.096712
E,0.195246,0.385154,-0.880217,-0.954396,-0.993234,-0.927422,0.586054,0.191641,0.186685,0.115731,0.99546,1,-0.658022,0.141091,0.0973204
E,0.223662,0.414884,-0.873056,-0.951036,-0.996707,-0.940665,0.67782,0.193145,0.220012,0.14546,1.02417,1,-0.7055,0.154656,0.10646
E,0.283464,0.41189,-0.866182,-0.943664,-0.992598,-0.928526,0.595698,0.190377,0.20213,0.133116,1.00622,1,-0.696057,0.14549,0.118065
E,0.286898,0.424555,-0.867034,-0.94366,-0.987428,-0.951814,0.616736,0.184236,0.195569,0.146714,1.01432,1,-0.704301,0.17558,0.121469
E,0.275201,0.448389,-0.837612,-0.925622,-0.969519,-0.927665,0.673092,0.16479,0.185766,0.152569,1.02292,1,-0.770766,0.218529,0.114594
E,0.247972,0.440739,-0.848773,-0.929305,-0.973089,-0.953317,0.653104,0.166884,0.200944,0.167495,1.0255,1,-0.777473,0.21051,0.100596
E,0.240848,0.423115,-0.861256,-0.949604,-0.992942,-0.964523,0.641561,0.183167,0.19822,0.157475,1.00028,1,-0.687621,0.157901,0.131075
E,0.218521,0.425056,-0.871621,-0.946312,-0.992017,-0.962147,0.658556,0.183358,0.195887,0.152854,1.01893,1,-0.683294,0.15814,0.1388
E,0.246624,0.426813,-0.865967,-0.945517,-0.988662,-0.961907,0.607719,0.182405,0.193936,0.151587,1.01925,1,-0.688848,0.158347,0.121819
E,0.261128,0.431694,-0.833815,-0.93094,-0.984019,-0.964276,0.672946,0.182597,0.192495,0.147683,1.00379,1,-0.680978,0.180765,0.139133
E,0.242523,0.428963,-0.844951,-0.936288,-0.985955,-0.964298,0.68636,0.18368,0.194068,0.148,1.01047,1,-0.687254,0.165427,0.12701
E,0.2348,0.438688,-0.879457,-0.945658,-0.988938,-0.955703,0.627386,0.189095,0.212289,0.161844,1.01591,1,-0.714574,0.165556,0.11551
E,0.229307,0.405664,-0.871557,-0.9476,-0.992604,-0.935841,0.615835,0.188711,0.1954,0.123641,0.999512,1,-0.667444,0.151184,0.102621
E,0.243299,0.431933,-0.882961,-0.952048,-0.990982,-0.944516,0.603191,0.187377,0.193892,0.144607,1.00764,1,-0.699815,0.167766,0.121815
E,0.248188,0.413142,-0.8798,-0.948351,-0.991362,-0.951549,0.627436,0.183757,0.192051,0.135578,1.01758,1,-0.706659,0.171602,0.118285
E,0.256197,0.428009,-0.884763,-0.95427,-0.99348,-0.944006,0.598859,0.191538,0.198724,0.137006,1.01623,1,-0.712437,0.171148,0.112903
E,0.268572,0.425384,-0.884975,-0.947988,-0.988689,-0.945076,0.56217,0.187285,0.19377,0.149415,1.01264,1,-0.723132,0.167641,0.120999
E,0.695747,0.106043,0.806663,0.674649,0.625956,0.767331,0.989392,0.125905,0.144586,0.15882,1.09938,1,0.214051,0.0115398,-0.0194783
F,0.206143,0.263593,0.979556,0.99025,0.997841,0.999418,0.984073,0.114947,0.0584126,0.147897,0.921906,1,-0.121911,0.0134096,0.0183762
F,0.197606,0.0776388,-0.43548,0.982726,0.99465,0.999724,0.97407,0.376485,0.0589445,0.147313,0.641191,1,-0.120436,0.00966154,0.0184613
F,0.197396,0.269769,0.983075,0.988804,0.996486,0.999898,0.979022,0.118298,0.0581344,0.145485,0.929214,1,-0.122936,0.00938282,0.0162805
F,0.202363,0.287951,0.982436,0.98907,0.996774,0.999762,0.974698,0.10588,0.0580792,0.142932,0.933633,1,-0.120916,0.0111706,0.0155876
F,0.210662,0.280683,0.98557,0.989483,0.996666,0.999673,0.979469,0.107506,0.0597397,0.142422,0.939462,1,-0.11934,0.0112521,0.0152514
F,0.196411,0.210174,0.910879,0.987159,0.994658,0.999666,0.974285,0.196291,0.0611887,0.145748,0.828483,1,-0.119018,0.0103178,0.0147462
F,0.190991,0.108362,0.0551629,0.980476,0.99269,0.999968,0.946819,0.325699,0.0606558,0.14567,0.701018,1,-0.125979,0.0099161,0.0148459
F,0.188111,0.240402,0.929826,0.988325,0.996607,0.999778,0.942181,0.193171,0.0613449,0.148664,0.837982,1,-0.118935,0.0117907,0.0125956
F,0.176726,0.112651,-0.207474,0.980727,0.992816,0.999903,0.929657,0.341813,0.0620521,0.147761,0.683493,1,-0.122192,0.0118119,0.016354
F,0.172923,0.116163,0.0248591,0.982462,0.993286,0.999774,0.916096,0.322364,0.0612755,0.151692,0.701621,1,-0.124468,0.0120254,0.0159166
F,0.179419,0.29573,0.984776,0.990962,0.996099,0.999046,0.944536,0.148251,0.0649425,0.151287,0.903525,1,-0.11744,0.0124462,0.0160715
F,0.196527,0.332456,0.990486,0.990989,0.997054,0.999169,0.979565,0.102898,0.0619813,0.148843,0.944211,1,-0.120083,0.0154922,0.01724
F,0.171756,0.0859553,-0.252663,0.985191,0.995488,0.999133,0.961047,0.362628,0.0576615,0.152043,0.655907,1,-0.122478,0.0139903,0.0213648
F,0.182732,0.116893,-0.586454,0.986323,0.99854,0.998353,0.9718,0.465776,0.0560362,0.147275,0.553479,1,-0.119474,0.0106007,0.0215265
F,0.183801,0.106919,-0.601404,0.987692,0.99843,0.998524,0.962558,0.457797,0.0571109,0.144381,0.562995,1,-0.121499,0.00933971,0.0177357
F,0.18655,0.106859,-0.615504,0.987439,0.998036,0.998767,0.957876,0.454138,0.0554788,0.157619,0.567994,1,-0.122686,0.00953099,0.0166059
F,0.184933,0.106055,-0.615327,0.987693,0.998979,0.998277,0.974241,0.45647,0.0539972,0.156742,0.568389,1,-0.119949,0.0124064,0.0193739
F,0.193219,0.103966,-0.313219,0.985267,0.997513,0.999214,0.970903,0.393367,0.0528695,0.151839,0.620381,1,-0.120363,0.00877526,0.0163119
F,0.19679,0.106104,-0.526728,0.985459,0.996251,0.999858,0.979349,0.423899,0.0650317,0.159289,0.591114,1,-0.12007,0.00671298,0.0151976
F,0.17445,0.0900122,-0.422821,0.986897,0.998546,0.998748,0.988748,0.439543,0.0598642,0.162803,0.578884,1,-0.120697,0.00905871,0.0145627
F,0.194397,0.105228,-0.42975,0.981761,0.996466,0.999744,0.988321,0.434577,0.0605984,0.162809,0.580073,1,-0.118918,0.00782519,0.0130761
F,0.1852,0.0890056,-0.388779,0.98745,0.998885,0.998682,0.965524,0.443455,0.0476472,0.163991,0.578089,1,-0.114777,0.00913262,0.013176
F,0.187054,0.102192,-0.373819,0.986885,0.998519,0.998385,0.961453,0.421973,0.0556497,0.150268,0.594265,1,-0.115377,0.00859166,0.0169982
F,0.173108,0.0741588,-0.483752,0.988579,0.999057,0.998571,0.953809,0.446656,0.050992,0.153709,0.579826,1,-0.115182,0.00923873,0.0167098
F,0.181114,0.0930142,-0.523066,0.989572,0.999665,0.997585,0.953104,0.457616,0.0588378,0.149684,0.565768,1,-0.11181,0.00928018,0.0167587
F,0.173593,0.0840052,-0.559941,0.991202,0.999468,0.997542,0.961399,0.464081,0.0524741,0.162871,0.565629,1,-0.114239,0.00918706,0.015623
F,0.182421,0.0867655,-0.373474,0.987973,0.998863,0.998293,0.971306,0.412477,0.0526788,0.157542,0.605191,1,-0.116176,0.00938943,0.0187148
F,0.169448,0.0887724,-0.573818,0.989037,0.997414,0.997692,0.976216,0.467176,0.0480301,0.154828,0.5583,1,-0.113832,0.0126702,0.0227277
G,1.23968,1.06933,0.992429,-0.804013,-0.757556,-0.825015,0.994031,1.80552,0.353484,0.406794,2.78202,1,-1.28424,-0.0351553,0.256522
G,1.2337,1.04739,0.991614,-0.813536,-0.71933,-0.750444,0.994401,1.76613,0.357068,0.390249,2.74758,1,-1.29122,-0.0168416,0.250847
G,1.21392,1.0682,0.993647,-0.849152,-0.771418,-0.883773,0.992002,1.78807,0.347187,0.394959,2.76479,1,-1.24353,-0.0463691,0.246402
G,1.23583,1.06049,0.997475,-0.832882,-0.643134,-0.704315,0.994046,1.77692,0.361483,0.390532,2.75822,1,-1.30734,-0.0197438,0.224711
G,1.31292,1.17581,0.996729,-0.692374,-0.547981,-0.563475,0.991619,1.90812,0.375811,0.432154,2.88259,1,-1.45805,-0.00998066,0.276852
G,1.29541,1.13816,0.997608,-0.838464,-0.757135,-0.831833,0.995254,1.85602,0.38382,0.40764,2.82797,1,-1.32558,-0.0642041,0.261457
G,1.25597,1.08174,0.995841,-0.843233,-0.736471,-0.780072,0.994168,1.79976,0.358034,0.399761,2.7713,1,-1.26283,-0.0082923,0.193471
G,1.26497,1.07233,0.998151,-0.82889,-0.714421,-0.76476,0.995031,1.78219,0.376195,0.402515,2.74905,1,-1.25657,-0.0282197,0.208635
G,1.27076,1.11818,0.995829,-0.796268,-0.740628,-0.795441,0.993753,1.7827,0.376993,0.400102,2.74887,1,-1.25959,-0.0394627,0.23209
G,1.2459,1.10553,0.996207,-0.795188,-0.707855,-0.749553,0.992847,1.76879,0.36934,0.406717,2.73582,1,-1.25355,-0.0319328,0.216974
G,1.30226,1.14445,0.991546,-0.842046,-0.746219,-0.759826,0.993272,1.87487,0.380672,0.406944,2.85348,1,-1.37242,0.0113134,0.236825
G,1.25669,1.10548,0.994723,-0.80846,-0.744262,-0.796089,0.996169,1.80622,0.3831,0.411668,2.77568,1,-1.31395,-0.0355295,0.273168
G,1.22337,1.08328,0.99425,-0.803407,-0.675156,-0.685114,0.994857,1.74109,0.353646,0.404701,2.71369,1,-1.25874,-0.0145418,0.228451
G,1.03558,0.926277,0.99288,-0.781715,-0.651031,-0.665681,0.975503,1.64202,0.33554,0.370167,2.61322,1,-1.14396,-0.0458409,0.231217
G,0.983039,0.915901,0.993222,-0.843716,-0.721248,-0.725769,0.948341,1.67351,0.348406,0.380279,2.6481,1,-1.19478,-0.0568385,0.25277
G,0.983965,0.907977,0.993033,-0.824146,-0.727102,-0.796526,0.953368,1.62493,0.338826,0.369447,2.59312,1,-1.1001,-0.0751825,0.248086
G,0.995522,0.918733,0.994491,-0.806413,-0.673797,-0.688841,0.955427,1.64612,0.340512,0.380074,2.62016,1,-1.15311,-0.0674911,0.275351
G,0.887829,0.945245,0.992974,-0.826039,-0.679442,-0.717213,0.876653,1.67509,0.355734,0.365995,2.64833,1,-1.22215,-0.0609226,0.265207
G,0.833762,0.920612,0.993723,-0.838582,-0.722428,-0.730137,0.84952,1.64258,0.353434,0.365132,2.61595,1,-1.16795,-0.0571504,0.263433
G,0.825465,0.914162,0.99334,-0.879389,-0.753341,-0.804902,0.885183,1.62236,0.35314,0.365736,2.59737,1,-1.11411,-0.0801268,0.286855
G,0.785809,0.908511,0.989343,-0.859616,-0.665063,-0.67622,0.884448,1.58843,0.33973,0.378548,2.56486,1,-1.11515,-0.0355839,0.244782
G,0.822428,0.932126,0.992607,-0.840703,-0.643559,-0.619635,0.87393,1.6474,0.345828,0.363225,2.6266,1,-1.16434,-0.0335174,0.263346
G,0.858829,0.983432,0.990552,-0.81504,-0.63258,-0.600325,0.872058,1.73631,0.359503,0.360634,2.71172,1,-1.25925,-0.0311258,0.265618
G,0.89484,0.986482,0.983874,-0.872461,-0.748903,-0.650919,0.866276,1.76761,0.361324,0.364339,2.74881,1,-1.30117,0.0099494,0.272736
G,0.900963,0.977693,0.990178,-0.860665,-0.730559,-0.665999,0.852954,1.76247,0.368147,0.35255,2.742,1,-1.26539,-0.0297845,0.298062
H,0.158875,0.425221,0.993847,0.997411,-0.648734,-0.538778,0.918926,0.110555,0.67845,0.120257,0.964949,1,-0.165516,-0.0292171,0.0419257
H,0.159515,0.41587,0.991187,0.998039,-0.676513,-0.586984,0.899884,0.0964244,0.668859,0.112579,0.953298,1,-0.145902,-0.0328479,0.044776
H,0.162962,0.428982,0.994077,0.995015,-0.666311,-0.542233,0.906753,0.103051,0.672123,0.125748,0.967197,1,-0.159202,-0.0306405,0.0452648
H,0.160216,0.42975,0.994769,0.993782,-0.659911,-0.534321,0.920008,0.109572,0.671177,0.123652,0.971112,1,-0.160586,-0.0318453,0.0431355
H,0.162894,0.417884,0.996412,0.994525,-0.703462,-0.546416,0.920351,0.106101,0.664531,0.116564,0.962615,1,-0.157034,-0.0327165,0.0413419
H,0.137688,0.406678,0.982798,0.999954,-0.756584,-0.716379,0.872537,0.12965,0.650941,0.115923,0.956302,1,-0.16837,-0.0412848,0.0387377
H,0.144342,0.393106,0.983171,0.999482,-0.786863,-0.672816,0.875342,0.129691,0.630283,0.130809,0.955301,1,-0.183185,-0.0392487,0.0302155
H,0.171925,0.380206,0.991846,0.998684,-0.78562,-0.634853,0.917331,0.121664,0.631622,0.122984,0.954155,1,-0.18212,-0.0359303,0.0260929
H,0.147937,0.398726,0.98374,0.997331,-0.765073,-0.644164,0.921469,0.113678,0.633992,0.125087,0.964774,1,-0.185697,-0.038552,0.0292397
H,0.152817,0.398838,0.982176,0.999915,-0.747006,-0.627471,0.903434,0.107023,0.64126,0.127273,0.956237,1,-0.181644,-0.0341658,0.0322628
H,0.153111,0.393266,0.982802,0.998471,-0.764397,-0.640165,0.915705,0.109862,0.635484,0.122484,0.95757,1,-0.179919,-0.0385839,0.0311225
H,0.15502,0.393842,0.987524,0.995358,-0.777229,-0.594399,0.895346,0.111528,0.628982,0.116312,0.963366,1,-0.178081,-0.0365916,0.0275344
H,0.164381,0.365823,0.976172,0.997518,-0.75587,-0.615336,0.881989,0.11588,0.624713,0.11999,0.944652,1,-0.180202,-0.0353748,0.026051
H,0.163607,0.365182,0.977084,0.998866,-0.759914,-0.610365,0.867054,0.120063,0.619334,0.122009,0.943731,1,-0.179928,-0.0356376,0.0271227
H,0.173008,0.366657,0.984028,0.998303,-0.764212,-0.622238,0.892463,0.118429,0.6186,0.123788,0.9541,1,-0.179804,-0.036569,0.0284817
H,0.164015,0.369181,0.981115,0.998322,-0.760193,-0.628343,0.871892,0.126779,0.61639,0.122813,0.951966,1,-0.181322,-0.0368155,0.0250355
H,0.154191,0.373149,0.980702,0.998689,-0.795637,-0.632564,0.863514,0.119435,0.61626,0.120367,0.94565,1,-0.184124,-0.0384172,0.0267836
H,0.153222,0.37975,0.985221,0.999007,-0.791452,-0.644531,0.869128,0.118968,0.625632,0.126063,0.950348,1,-0.187077,-0.0371659,0.027895
H,0.16034,0.360732,0.976777,0.999681,-0.775187,-0.618233,0.859916,0.125465,0.609373,0.120795,0.937736,1,-0.177683,-0.0366073,0.0334012
H,0.174877,0.363119,0.988181,0.996472,-0.763747,-0.542244,0.830061,0.123253,0.622107,0.119289,0.946973,1,-0.163444,-0.0351822,0.0331081
H,0.177342,0.360874,0.98778,0.9972,-0.736355,-0.49559,0.893425,0.112518,0.617448,0.112955,0.95555,1,-0.161416,-0.0337951,0.0325523
H,0.169614,0.366072,0.986913,0.997679,-0.726158,-0.541743,0.891383,0.114587,0.615865,0.118534,0.955757,1,-0.162549,-0.0346583,0.0296125
H,0.157551,0.367646,0.985157,0.999216,-0.731289,-0.555442,0.886758,0.10822,0.628768,0.109414,0.951317,1,-0.162667,-0.0393191,0.0330574
H,0.162585,0.390885,0.989611,0.994735,-0.71434,-0.522839,0.86108,0.110187,0.637382,0.117764,0.959036,1,-0.166886,-0.0338565,0.0301816
H,0.48956,0.253846,0.549496,0.635055,0.706566,0.726702,0.998384,0.304573,0.213607,0.196021,1.08891,1,0.354974,-0.0353706,0.0131683
I,0.616891,0.712952,-0.685767,-0.610633,-0.694514,0.984485,0.888484,0.190472,0.171028,1.39277,1.14744,1,-0.870723,-0.038929,-0.0808612
I,0.640931,0.646977,-0.83602,-0.775639,-0.800865,0.986197,0.9185,0.188408,0.176922,1.36285,1.11794,1,-0.8275,-0.0792614,-0.0924967
I,0.668264,0.664671,-0.829135,-0.780845,-0.78615,0.979832,0.936073,0.206432,0.152203,1.36758,1.13454,1,-0.821347,-0.0209061,0.00814417
I,0.670993,0.68614,-0.794237,-0.763189,-0.769853,0.978839,0.929778,0.188501,0.163598,1.39598,1.11944,1,-0.817003,-0.00481412,0.00819143
I,0.687758,0.687244,-0.803584,-0.764676,-0.782695,0.982229,0.935291,0.213629,0.147424,1.41697,1.13586,1,-0.852014,-0.0099665,0.0160553
I,0.661019,0.650797,-0.832952,-0.789464,-0.803796,0.981696,0.947833,0.202694,0.14449,1.37909,1.1325,1,-0.835577,-0.00446623,0.00839485
I,0.62866,0.610863,-0.859151,-0.800087,-0.827714,0.976443,0.947835,0.226659,0.147721,1.3304,1.13298,1,-0.794325,0.00440306,0.114258
I,0.635364,0.594148,-0.862091,-0.798557,-0.829295,0.982283,0.94217,0.237367,0.117849,1.31485,1.13909,1,-0.764786,0.0253997,0.149089
I,0.636031,0.643428,-0.842729,-0.805354,-0.828687,0.980615,0.939318,0.224115,0.127572,1.41809,1.1394,1,-0.828951,0.0298489,0.129366
I,0.630839,0.625059,-0.805369,-0.772496,-0.790311,0.976597,0.939739,0.197384,0.161421,1.40898,1.11266,1,-0.828971,0.00184284,0.00315759
I,0.704301,0.68533,-0.590552,-0.630217,-0.677265,0.970109,0.90125,0.239705,0.208495,1.66033,1.18695,1,-1.02633,-0.035688,-0.189538
I,0.69319,0.706847,-0.524129,-0.585817,-0.656259,0.969039,0.89333,0.244481,0.207363,1.70194,1.19946,1,-1.11317,-0.0324161,-0.197201
I,0.637972,0.623009,-0.516565,-0.538112,-0.633612,0.964449,0.881201,0.229779,0.192208,1.46471,1.14309,1,-1.10863,-0.0584872,-0.1942
I,0.598879,0.566129,-0.621897,-0.667938,-0.719573,0.976119,0.890331,0.179283,0.160953,1.30255,1.09837,1,-0.946704,-0.0757837,-0.107573
I,0.603467,0.556854,-0.616908,-0.672597,-0.725517,0.97404,0.926756,0.198164,0.165377,1.17753,1.10578,1,-0.935368,-0.101443,-0.0920424
I,0.613619,0.549517,-0.659582,-0.660931,-0.694622,0.971436,0.870524,0.213401,0.182572,1.52399,1.15353,1,-0.99266,-0.0285458,-0.159606
I,0.541081,0.517888,-0.83974,-0.786071,-0.813514,0.991198,0.773703,0.213845,0.127793,1.39389,1.16328,1,-0.803447,-0.0363555,-0.0952634
I,0.426815,0.526937,-0.898561,-0.842902,-0.825466,0.991233,0.676059,0.179239,0.101728,1.38409,1.09463,1,-0.731236,0.0252775,0.0837968
I,0.447311,0.517652,-0.91166,-0.838092,-0.82759,0.987056,0.736331,0.197911,0.110717,1.38172,1.09441,1,-0.748669,0.0191978,0.134669
I,0.41869,0.505502,-0.905276,-0.841173,-0.823195,0.989699,0.676491,0.205387,0.117829,1.42014,1.11151,1,-0.752679,0.0289623,0.116772
I,0.417031,0.523316,-0.896041,-0.843906,-0.841362,0.988975,0.741915,0.202452,0.115535,1.40486,1.11331,1,-0.765861,0.0442874,0.111279
I,0.455947,0.542594,-0.873871,-0.807879,-0.820823,0.987422,0.718781,0.208887,0.096221,1.43511,1.11383,1,-0.790125,0.0247269,0.098891
I,0.414316,0.554813,-0.891717,-0.81912,-0.840928,0.984247,0.767028,0.220821,0.0984508,1.43231,1.10573,1,-0.798346,0.0435434,0.123055
I,0.412621,0.52036,-0.89235,-0.825298,-0.840048,0.990485,0.764429,0.216994,0.135533,1.4494,1.13138,1,-0.801926,0.0466218,0.076987
J,0.247929,0.333126,0.991622,0.990004,-0.578438,-0.683125,0.996257,0.241299,0.715955,0.0902933,0.981279,1,-0.111101,0.0085207,0.0159393
J,0.261605,0.310984,0.991515,0.99714,-0.717858,-0.845649,0.996832,0.246074,0.705198,0.0845386,0.969065,1,-0.105614,0.00349939,0.00806547
J,0.258717,0.310665,0.995545,0.996373,-0.621331,-0.763401,0.999922,0.282432,0.702927,0.0772572,0.966416,1,-0.110475,0.00537031,0.0148162
J,0.262065,0.307517,0.996015,0.996051,-0.651353,-0.782467,0.99997,0.286873,0.695185,0.0789925,0.964585,1,-0.113098,0.00508356,0.0152894
J,0.263763,0.301656,0.996717,0.99821,-0.640961,-0.783173,0.999946,0.293166,0.703955,0.0788378,0.956205,1,-0.113433,0.00199809,0.0137512
J,0.272321,0.293358,0.996466,0.995709,-0.675689,-0.808523,0.998868,0.29171,0.707798,0.0766503,0.957892,1,-0.109249,0.00609972,0.014654
J,0.271771,0.301105,0.998292,0.997157,-0.687872,-0.824309,0.999901,0.289279,0.708125,0.0802062,0.962072,1,-0.111646,0.00546177,0.0154466
J,0.258323,0.315566,0.994319,0.997275,-0.637534,-0.759858,0.999419,0.286113,0.705422,0.078373,0.960096,1,-0.110013,0.0041234,0.0110332
J,0.260916,0.311772,0.994722,0.998031,-0.610144,-0.751447,0.998956,0.288932,0.711862,0.0794165,0.962787,1,-0.111271,0.00449094,0.0113062
J,0.255232,0.316274,0.994659,0.998474,-0.632368,-0.776749,0.999308,0.280273,0.697861,0.079329,0.967424,1,-0.111524,0.00421829,0.0101482
J,0.25471,0.318547,0.993021,0.997502,-0.62409,-0.76895,0.998588,0.28251,0.705536,0.0772297,0.964048,1,-0.109181,0.0062715,0.0119343
J,0.259873,0.308043,0.99497,0.99801,-0.634515,-0.764215,0.999085,0.28346,0.71046,0.077797,0.960988,1,-0.112285,0.00566114,0.0127003
J,0.259313,0.310134,0.994408,0.997752,-0.632391,-0.742762,0.999381,0.282732,0.708951,0.078417,0.962688,1,-0.11147,0.00621489,0.0130045
J,0.265201,0.307394,0.995155,0.99642,-0.635394,-0.742756,0.999242,0.286521,0.716285,0.0788168,0.96096,1,-0.111007,0.00608053,0.0135608
J,0.259271,0.31074,0.994349,0.996154,-0.642485,-0.76282,0.999986,0.283746,0.700047,0.0766122,0.963466,1,-0.110813,0.00499331,0.0134278
J,0.262544,0.311635,0.995067,0.995812,-0.660247,-0.802191,0.999655,0.282494,0.704456,0.0768416,0.963891,1,-0.109469,0.00836118,0.017124
J,0.264174,0.309112,0.995786,0.996428,-0.644648,-0.761415,0.999984,0.284169,0.705982,0.0773886,0.963502,1,-0.109648,0.00539542,0.0142174
J,0.256884,0.314838,0.994484,0.995845,-0.647496,-0.775761,0.99999,0.282405,0.700627,0.0759577,0.966787,1,-0.109899,0.00512458,0.0142391
J,0.247413,0.319682,0.996108,0.99758,-0.715504,-0.805216,0.999651,0.278986,0.694985,0.077439,0.960186,1,-0.107798,0.00739691,0.0168924
J,0.251312,0.303519,0.996105,0.999334,-0.652038,-0.678387,0.999824,0.275829,0.686172,0.0807013,0.956443,1,-0.114406,0.0048913,0.00866389
J,0.240597,0.313122,0.995311,0.998756,-0.685755,-0.719794,0.999828,0.272275,0.686129,0.075807,0.953873,1,-0.110905,0.00396704,0.0130783
J,0.247536,0.314973,0.994734,0.998688,-0.698559,-0.770039,0.999899,0.269044,0.686087,0.0772638,0.959205,1,-0.111256,0.00518782,0.013465
J,0.253985,0.319687,0.995015,0.997901,-0.682028,-0.708274,0.999798,0.281822,0.696521,0.0793774,0.961384,1,-0.109978,0.00480699,0.0103955
J,0.254354,0.318879,0.996236,0.997058,-0.673048,-0.710195,0.998303,0.278754,0.70232,0.0777288,0.962737,1,-0.107773,0.00718553,0.0144095
K,0.299736,0.293111,0.997806,0.998578,-0.821843,-0.859629,0.997373,0.227351,0.707113,0.0704435,0.997754,1,-0.107373,0.000762308,0.00300887
K,0.292356,0.301621,0.998579,0.996478,-0.763858,-0.770421,0.994608,0.250633,0.727936,0.0635273,0.996748,1,-0.110636,0.0037488,0.000598147
K,0.29507,0.297615,0.998515,0.997351,-0.772947,-0.77317,0.996781,0.225578,0.706753,0.0683288,1.01023,1,-0.117531,0.00238359,0.00134099
K,0.2814,0.283005,0.999263,0.999175,-0.712788,-0.760031,0.999069,0.238626,0.72678,0.0555683,0.954892,1,-0.100326,0.00721995,0.0119714
K,0.276908,0.284746,0.998402,0.998926,-0.655447,-0.67439,0.995777,0.257189,0.739688,0.0566812,0.954526,1,-0.103495,0.00567246,0.0053921
K,0.294654,0.282547,0.995995,0.998425,-0.700642,-0.719592,0.999763,0.244604,0.730669,0.0635073,0.970092,1,-0.106828,0.00109616,0.00417723
K,0.287343,0.302151,0.998849,0.997964,-0.73352,-0.69633,0.998308,0.243071,0.724498,0.0678564,0.992048,1,-0.115621,-0.00223597,-0.000384412
K,0.284814,0.293752,0.998992,0.99857,-0.737309,-0.660797,0.9969,0.23604,0.721374,0.0686756,0.981215,1,-0.111633,-0.0066358,-0.00297386
K,0.280687,0.285862,0.998741,0.998645,-0.72782,-0.686446,0.998555,0.237516,0.722759,0.0676808,0.96712,1,-0.111041,-0.00657792,-0.000581545
K,0.289681,0.282566,0.994075,0.998319,-0.688588,-0.723886,0.996829,0.232076,0.733089,0.0653715,0.970953,1,-0.106224,-0.00298123,0.0011619
K,0.284198,0.283889,0.994488,0.997349,-0.687347,-0.686798,0.998661,0.227004,0.735104,0.0618833,0.96447,1,-0.104586,-0.000354784,0.00226608
K,0.282786,0.282223,0.993245,0.996215,-0.673226,-0.713163,0.999141,0.230772,0.733074,0.0675641,0.9678,1,-0.108315,0.000322854,0.00588828
K,0.308488,0.274484,0.998786,0.99829,-0.702731,-0.632975,0.996914,0.222936,0.724715,0.0676666,0.990331,1,-0.108105,-0.00474113,-0.00774102
K,0.306715,0.275239,0.997482,0.998347,-0.714663,-0.691415,0.998675,0.223325,0.720009,0.0669069,0.983371,1,-0.105019,-0.00135919,-0.00375528
K,0.271584,0.277485,0.997008,0.998587,-0.748275,-0.841466,0.999565,0.234031,0.694137,0.0625223,0.974483,1,-0.114034,0.00481498,0.0208263
K,0.259455,0.298688,0.994712,0.997844,-0.750401,-0.769635,0.999258,0.245859,0.689357,0.072148,0.956574,1,-0.107899,0.00676032,0.0222074
K,0.2639,0.295309,0.993731,0.998126,-0.714679,-0.719237,0.993747,0.24822,0.705038,0.0596704,0.956953,1,-0.108653,0.0048349,0.0213532
K,0.239144,0.336217,0.995287,0.999328,-0.75565,-0.744607,0.971755,0.249889,0.683436,0.0654671,0.955838,1,-0.110472,0.00550373,0.0193716
K,0.253818,0.298533,0.99466,0.999752,-0.752467,-0.717324,0.989382,0.240293,0.677736,0.0742504,0.947869,1,-0.112929,0.0024897,0.0182731
K,0.25228,0.290623,0.994148,0.999565,-0.759498,-0.697725,0.988001,0.241107,0.674964,0.0783704,0.94757,1,-0.110586,6.36245e-05,0.0160152
K,0.255903,0.287825,0.993603,0.999658,-0.752631,-0.687682,0.991593,0.237753,0.678384,0.0748309,0.947697,1,-0.111553,0.000509498,0.014767
K,0.25514,0.285185,0.994081,0.999522,-0.750036,-0.68114,0.990204,0.243798,0.677513,0.0754941,0.946196,1,-0.110507,0.00142421,0.0180462
K,0.265997,0.286386,0.993821,0.999718,-0.728223,-0.705704,0.995699,0.231698,0.68098,0.0711549,0.956396,1,-0.111717,0.00218559,0.0171032
K,0.269317,0.291419,0.994221,0.999689,-0.717162,-0.700721,0.997112,0.237891,0.692408,0.0662552,0.957371,1,-0.110433,0.00212843,0.0181215
L,1.17968,1.45495,0.991148,-0.926064,-0.952121,-0.981246,0.858358,1.13366,0.196816,0.225432,2.12011,1,-0.839458,-0.019357,-0.0284525
L,1.17044,1.4462,0.991952,-0.955564,-0.960115,-0.987673,0.879162,1.11031,0.200392,0.226814,2.1003,1,-0.811234,-0.0219093,-0.0750835
L,1.21158,1.52698,0.99587,-0.967404,-0.973854,-0.99375,0.90021,1.12725,0.225829,0.260628,2.12471,1,-0.829424,0.0249402,-0.0216032
L,1.3516,1.90541,0.992738,-0.956347,-0.948723,-0.995711,0.943882,1.57489,0.241559,0.296584,2.57184,1,-1.00514,0.100626,0.0128582
L,1.40625,2.08486,0.992091,-0.94002,-0.884977,-0.978126,0.8573,1.7287,0.246805,0.307167,2.71901,1,-1.07213,0.166562,0.0686741
L,1.40005,2.10603,0.993815,-0.904227,-0.872535,-0.970504,0.891262,1.68269,0.255135,0.286489,2.66158,1,-1.01273,0.168717,0.0726385
L,1.43384,2.13517,0.996219,-0.892282,-0.858402,-0.970213,0.919057,1.76447,0.264203,0.307204,2.7408,1,-1.06308,0.144289,0.0707322
L,1.48362,2.20364,0.996612,-0.885721,-0.844537,-0.966087,0.891662,1.85295,0.26229,0.30508,2.8308,1,-1.15041,0.166494,0.0738031
L,1.43883,2.18333,0.997863,-0.894803,-0.862213,-0.972511,0.884877,1.80253,0.251028,0.315258,2.78611,1,-1.08934,0.131967,0.0834685
L,1.48102,2.24243,0.996732,-0.898553,-0.860434,-0.972495,0.865644,1.83271,0.258996,0.309752,2.8133,1,-1.11441,0.159799,0.0695398
L,1.4736,2.24142,0.997165,-0.871585,-0.841192,-0.96078,0.806816,1.80073,0.264109,0.307157,2.7725,1,-1.07438,0.167436,0.082293
L,1.58967,2.36445,0.996241,-0.900201,-0.894819,-0.984766,0.789689,1.8389,0.260846,0.345232,2.81952,1,-1.1236,0.153732,0.056971
L,1.65091,2.4386,0.995514,-0.851101,-0.845991,-0.955699,0.827695,1.82366,0.254906,0.327936,2.78846,1,-1.12305,0.223555,0.02381
L,1.65982,2.37207,0.992449,-0.777345,-0.792755,-0.933312,0.799037,1.82638,0.276166,0.291328,2.75848,1,-1.0979,0.224662,0.0476588
L,1.51254,2.22966,0.988197,-0.866413,-0.841769,-0.95659,0.831616,1.76069,0.236295,0.291038,2.74447,1,-1.04616,0.169539,0.0678702
L,1.53134,2.28143,0.990735,-0.847745,-0.819916,-0.951869,0.808613,1.82524,0.238779,0.313549,2.80028,1,-1.07458,0.190629,0.079914
L,1.52765,2.26969,0.990577,-0.855469,-0.808838,-0.94147,0.834191,1.82449,0.250368,0.275055,2.80278,1,-1.06709,0.159738,0.0601002
L,1.5216,2.2697,0.992734,-0.834987,-0.827302,-0.9339,0.775597,1.8234,0.241175,0.265365,2.79688,1,-1.0166,0.159462,0.0388152
L,1.53503,2.28623,0.99205,-0.832853,-0.812786,-0.937488,0.813764,1.85533,0.251409,0.28188,2.82874,1,-1.04784,0.170831,0.0411446
L,1.59874,2.35489,0.995274,-0.871228,-0.815481,-0.947104,0.790935,1.92391,0.248034,0.317207,2.90741,1,-1.12969,0.162102,0.0147596
L,1.55638,2.28281,0.991994,-0.860485,-0.826826,-0.947371,0.769685,1.86401,0.248137,0.286938,2.84457,1,-1.06942,0.160687,0.0185812
L,1.55824,2.30659,0.993571,-0.837895,-0.819163,-0.941946,0.798464,1.9149,0.241067,0.298711,2.89112,1,-1.10137,0.186134,0.0430069
L,1.57581,2.34066,0.994965,-0.814979,-0.762218,-0.920483,0.917309,2.03189,0.265019,0.299472,3.00765,1,-1.14528,0.210906,0.0582353
M,0.239615,0.498035,-0.754229,-0.815236,-0.917931,-0.720935,0.895312,0.327704,0.21776,0.203035,1.25609,1,-0.968018,0.148125,0.272679
M,0.262446,0.568014,-0.795202,-0.873866,-0.94316,-0.795322,0.888684,0.320007,0.22,0.223245,1.26021,1,-0.953133,0.171862,0.254093
M,0.316211,0.652305,-0.783762,-0.852686,-0.93278,-0.748966,0.920754,0.310459,0.226533,0.241273,1.25792,1,-0.948679,0.165353,0.251367
M,0.294405,0.630536,-0.763399,-0.836253,-0.919913,-0.69617,0.902676,0.359504,0.228798,0.232218,1.31519,1,-0.999819,0.167018,0.271799
M,0.340341,0.700174,-0.757475,-0.823255,-0.916515,-0.672175,0.913603,0.33097,0.229202,0.258492,1.27824,1,-1.0038,0.173572,0.27207
M,0.301666,0.627354,-0.76188,-0.827339,-0.920114,-0.729393,0.908367,0.340657,0.22421,0.245602,1.29982,1,-0.998328,0.156433,0.276391
M,0.293493,0.624011,-0.749981,-0.818305,-0.917254,-0.703908,0.918816,0.307337,0.223197,0.228921,1.26075,1,-1.00249,0.16313,0.286388
M,0.303817,0.628768,-0.758275,-0.826627,-0.925116,-0.737807,0.909489,0.341504,0.228461,0.233117,1.29306,1,-1.01111,0.166553,0.290568
M,0.329791,0.661359,-0.766771,-0.835285,-0.916797,-0.711966,0.896618,0.330486,0.21917,0.225625,1.27418,1,-1.00157,0.173935,0.279738
M,0.348806,0.674421,-0.777884,-0.839666,-0.9213,-0.69555,0.930208,0.322638,0.216122,0.249934,1.26778,1,-0.996538,0.162773,0.262674
M,0.312592,0.638273,-0.752708,-0.822428,-0.915722,-0.660065,0.913984,0.347118,0.228311,0.244986,1.29943,1,-1.01967,0.172307,0.280017
M,0.305415,0.610036,-0.796559,-0.863752,-0.939806,-0.799231,0.921535,0.318209,0.224934,0.232615,1.25745,1,-1.01895,0.186088,0.246957
M,0.338795,0.574729,-0.81952,-0.86956,-0.928024,-0.737638,0.947332,0.335387,0.206764,0.23859,1.28376,1,-1.05125,0.181871,0.246212
M,0.292488,0.619388,-0.794672,-0.854338,-0.921446,-0.733813,0.917456,0.321367,0.218122,0.248274,1.26642,1,-1.0713,0.198945,0.265871
M,0.317295,0.645961,-0.772618,-0.836352,-0.91373,-0.669229,0.934108,0.317934,0.209782,0.240688,1.25966,1,-1.02081,0.190215,0.260265
M,0.302223,0.579333,-0.811625,-0.869276,-0.93138,-0.780046,0.931612,0.322443,0.20932,0.237027,1.26835,1,-1.0569,0.193821,0.264735
M,0.309977,0.619243,-0.783932,-0.841613,-0.922265,-0.721041,0.929644,0.337363,0.214817,0.242606,1.28075,1,-1.06494,0.192758,0.278059
M,0.32326,0.649695,-0.791139,-0.844353,-0.923139,-0.698137,0.929473,0.332272,0.212151,0.238172,1.27188,1,-1.04612,0.190244,0.265079
M,0.325893,0.623457,-0.760506,-0.824743,-0.922646,-0.688526,0.928932,0.356836,0.229568,0.25198,1.31385,1,-1.04497,0.184925,0.269803
M,0.325006,0.643791,-0.786102,-0.850386,-0.923211,-0.715723,0.927602,0.333744,0.210356,0.257529,1.27768,1,-1.05433,0.194332,0.270065
M,0.35104,0.645604,-0.776865,-0.838961,-0.921373,-0.720979,0.941796,0.335213,0.222159,0.248167,1.28682,1,-1.04927,0.186598,0.26732
M,0.331734,0.636939,-0.781659,-0.847543,-0.925215,-0.751102,0.92955,0.346024,0.225687,0.247828,1.29742,1,-1.05628,0.200413,0.271728
M,0.342752,0.670981,-0.775842,-0.825733,-0.920051,-0.673006,0.937202,0.356024,0.225461,0.27247,1.30863,1,-1.08863,0.178453,0.27801
M,0.322048,0.634965,-0.778437,-0.83158,-0.920114,-0.689454,0.92927,0.342591,0.215786,0.243092,1.29232,1,-1.0368,0.19123,0.27027
N,0.172717,0.602206,-0.746757,-0.863279,-0.659298,-0.467136,0.824379,0.210786,0.309359,0.247383,1.07034,1,-1.04562,0.226927,0.255236
N,0.252362,0.636638,-0.728559,-0.878658,-0.698849,-0.68027,0.893579,0.216254,0.313493,0.238405,1.04533,1,-1.0033,0.195832,0.213469
N,0.195094,0.629368,-0.651544,-0.781993,-0.60373,-0.179896,0.871152,0.2178,0.308993,0.226387,1.0756,1,-1.05018,0.270691,0.225757
N,0.35489,0.357463,0.124261,0.125973,0.552229,0.820621,0.712648,0.211741,0.311749,0.234673,1.08833,1,-1.2282,0.333794,0.215429
N,0.400852,0.407527,0.590783,0.750225,0.789406,0.875696,0.842846,0.241175,0.319702,0.205385,1.1486,1,-1.30834,0.419326,0.179693
N,0.50345,0.313738,0.719021,0.823209,0.808258,0.865163,0.824845,0.249047,0.30806,0.194843,1.16109,1,-1.24922,0.417097,0.183217
N,0.398354,0.393888,0.575592,0.742967,0.791586,0.86831,0.870782,0.24346,0.328121,0.201223,1.15384,1,-1.29527,0.405924,0.192856
N,0.411261,0.424736,0.462173,0.683756,0.76365,0.883149,0.829386,0.236239,0.314271,0.209957,1.1196,1,-1.34769,0.377274,0.22177
N,0.145606,0.49671,-0.585627,-0.768038,-0.45122,0.109942,0.79546,0.230843,0.311646,0.259503,1.05229,1,-1.07742,0.305544,0.196068
N,0.158075,0.613551,-0.495658,-0.674494,-0.0921777,0.461952,0.849123,0.234329,0.322116,0.244821,1.06032,1,-1.16918,0.273524,0.198457
N,0.13862,0.572558,-0.513436,-0.72111,-0.221478,0.211713,0.776231,0.216245,0.34536,0.236032,1.0639,1,-1.13169,0.32695,0.224263
N,0.204479,0.572914,-0.333883,-0.473908,0.238315,0.709287,0.820198,0.238394,0.318953,0.241467,1.06442,1,-1.24261,0.285,0.168096
N,0.252412,0.565819,0.0887083,0.0655051,0.638537,0.867853,0.846209,0.240678,0.335448,0.200423,1.08673,1,-1.27165,0.3108,0.184674
N,0.274222,0.542032,0.127425,0.125019,0.668067,0.89654,0.81305,0.234772,0.331364,0.187971,1.09445,1,-1.23838,0.340263,0.187338
N,0.345646,0.43291,0.318386,0.426293,0.724875,0.905373,0.82078,0.217826,0.291557,0.188361,1.09138,1,-1.23847,0.353655,0.18616
N,0.360031,0.402899,0.340544,0.494231,0.757509,0.908803,0.829829,0.22079,0.30638,0.185887,1.0811,1,-1.19956,0.338522,0.174196
N,0.340429,0.439828,0.0491788,0.262323,0.729605,0.908588,0.78545,0.223365,0.319661,0.186479,1.08501,1,-1.20172,0.34862,0.157405
N,0.304807,0.460588,0.181366,0.401245,0.742387,0.89948,0.827691,0.22388,0.310041,0.200417,1.08246,1,-1.23749,0.315146,0.192282
N,0.261104,0.440959,-0.204094,0.0486644,0.625296,0.884272,0.750972,0.21386,0.312592,0.199781,1.08855,1,-1.15236,0.346036,0.12516
N,0.258846,0.486913,-0.155361,-0.0830698,0.628398,0.879541,0.720307,0.224363,0.336839,0.205892,1.0721,1,-1.12704,0.324151,0.149499
N,0.297549,0.449272,-0.188658,-0.0664688,0.630051,0.884549,0.680575,0.222978,0.334108,0.205413,1.08178,1,-1.14842,0.32558,0.161359
N,0.268484,0.42458,-0.364636,-0.310576,0.537084,0.854746,0.692955,0.221966,0.339175,0.19528,1.07172,1,-1.07743,0.324754,0.146806
N,0.239931,0.51319,-0.0578852,0.0456876,0.690203,0.887581,0.746289,0.220628,0.3329,0.196595,1.06094,1,-1.17811,0.284262,0.192748
N,0.219751,0.557301,-0.121493,-0.0744781,0.616883,0.86865,0.817499,0.231391,0.3358,0.19375,1.07601,1,-1.20871,0.29057,0.181944
N,0.203001,0.52998,-0.434854,-0.570501,0.194086,0.683919,0.774444,0.220663,0.334618,0.238903,1.08317,1,-1.18472,0.339529,0.200209
O,0.522563,0.154914,-0.477455,-0.532134,-0.528561,-0.304836,0.76552,0.153755,0.0811856,0.0842628,1.05123,1,-0.216013,0.0994427,0.319174
O,0.510359,0.0853218,-0.305913,-0.449329,-0.497873,-0.31789,0.889385,0.143117,0.0696236,0.106664,1.0183,1,-0.208168,0.104228,0.285979
O,0.54285,0.109436,-0.325707,-0.443594,-0.450497,-0.234245,0.854542,0.145113,0.0612218,0.104588,1.01647,1,-0.187059,0.0907874,0.284814
O,0.551964,0.108362,-0.32233,-0.460332,-0.478948,-0.248998,0.871693,0.153772,0.0808693,0.10659,1.02282,1,-0.210834,0.100839,0.303299
O,0.562968,0.109638,-0.270447,-0.381463,-0.421502,-0.252481,0.843819,0.140692,0.0562702,0.0866165,1.012,1,-0.147744,0.0850128,0.281007
O,0.519017,0.0760324,-0.398656,-0.497464,-0.541599,-0.352527,0.787041,0.134254,0.0826188,0.0993603,1.00775,1,-0.186727,0.095445,0.300453
O,0.525997,0.0340826,-0.385467,-0.448631,-0.52404,-0.380662,0.765806,0.13064,0.0699487,0.0962051,0.987135,1,-0.164671,0.0991014,0.273883
O,0.54002,0.0822125,-0.368476,-0.466352,-0.525068,-0.390761,0.755736,0.138921,0.0712618,0.0988267,1.0023,1,-0.169883,0.0992778,0.283043
O,0.546831,0.108811,-0.29032,-0.435004,-0.494051,-0.362597,0.775227,0.151989,0.07407,0.097504,1.01422,1,-0.159327,0.0872235,0.290385
O,0.518911,0.0951519,-0.399029,-0.495236,-0.5296,-0.398154,0.746878,0.150942,0.0750101,0.0989962,1.00838,1,-0.174227,0.0900092,0.284907
O,0.549735,0.0975287,-0.468564,-0.54259,-0.546121,-0.372941,0.811543,0.141517,0.0681508,0.115776,1.0185,1,-0.223047,0.0924412,0.308361
O,0.507497,0.0738764,-0.533144,-0.596317,-0.643239,-0.487595,0.775433,0.154549,0.0915749,0.0997659,1.02283,1,-0.24298,0.111493,0.286512
O,0.517668,0.0792542,-0.518743,-0.56664,-0.59849,-0.42399,0.723536,0.120169,0.0661962,0.0854344,1.01374,1,-0.198048,0.0948558,0.304287
O,0.602828,0.172161,-0.295405,-0.314469,-0.345307,-0.246056,0.48312,0.0502778,0.0160875,0.0691441,1.02861,1,-0.0524068,0.0713961,0.322533
O,0.501897,0.145506,-0.618091,-0.675525,-0.724693,-0.578405,0.719881,0.145846,0.0834437,0.0943541,1.04133,1,-0.235365,0.107005,0.298922
O,0.502535,0.154745,-0.532473,-0.617784,-0.662071,-0.491934,0.821373,0.138384,0.0837246,0.103375,1.0263,1,-0.234131,0.099527,0.244426
O,0.480332,0.165471,-0.52579,-0.599144,-0.615581,-0.464865,0.819612,0.138602,0.0747091,0.126964,1.02533,1,-0.233214,0.0964542,0.23783
O,0.456049,0.144197,-0.499547,-0.581048,-0.602368,-0.436694,0.770498,0.121694,0.0719845,0.137822,1.0228,1,-0.23933,0.0939875,0.22652
O,0.454358,0.12418,-0.510111,-0.575902,-0.602,-0.473752,0.708279,0.116231,0.0800287,0.150343,1.02417,1,-0.238248,0.0949863,0.23028
O,0.468301,0.147825,-0.458619,-0.568398,-0.59152,-0.460909,0.764057,0.124641,0.0797479,0.140032,1.02695,1,-0.246067,0.0961957,0.231824
O,0.42232,0.0801206,-0.431357,-0.558452,-0.585906,-0.436292,0.769968,0.134719,0.0797087,0.130654,1.03171,1,-0.228698,0.101068,0.24079
O,0.471806,0.1314,-0.537792,-0.602684,-0.631136,-0.510048,0.775065,0.154268,0.0940181,0.140807,1.03063,1,-0.256775,0.117291,0.256093
O,0.468085,0.0911484,-0.592439,-0.646636,-0.687142,-0.552754,0.747364,0.176401,0.0973313,0.136677,1.04191,1,-0.276326,0.133434,0.265409
O,0.448393,0.0980437,-0.562106,-0.632387,-0.661618,-0.510146,0.779286,0.161833,0.0904012,0.136333,1.04533,1,-0.258867,0.127517,0.271506
O,0.45994,0.102447,-0.498251,-0.583638,-0.623362,-0.499413,0.812495,0.163092,0.0823103,0.134096,1.04309,1,-0.25202,0.123214,0.272384
O,0.479582,0.0798182,-0.483713,-0.550985,-0.596629,-0.42862,0.724366,0.189824,0.101089,0.131647,1.04007,1,-0.259637,0.147074,0.298319
O,0.483514,0.0816844,-0.482918,-0.553888,-0.586542,-0.459702,0.673194,0.173876,0.0906351,0.129848,1.02791,1,-0.249747,0.127811,0.267919
O,0.447332,0.141783,-0.538304,-0.6148,-0.664791,-0.511182,0.628206,0.172509,0.1041,0.129135,1.04863,1,-0.259316,0.126235,0.264483
P,0.371514,0.689883,0.995793,0.948961,0.972403,0.970275,0.976164,0.978433,0.0966043,0.113184,1.18608,1,0.0822624,0.119333,0.04379
P,0.388405,0.743514,0.997122,0.943234,0.972805,0.972795,0.983808,1.07059,0.105145,0.126091,1.21473,1,0.0581606,0.119452,0.0646433
P,0.391325,0.727055,0.99781,0.942443,0.974724,0.981586,0.987658,1.04715,0.0899794,0.12142,1.22936,1,0.0650829,0.125144,0.0498262
P,0.4074,0.72497,0.996984,0.934407,0.968733,0.979281,0.994398,1.04544,0.0827,0.119686,1.22682,1,0.0582208,0.121743,0.042232
P,0.394397,0.69242,0.990824,0.932445,0.970662,0.978827,0.995796,1.03416,0.0836072,0.10703,1.20943,1,0.0672493,0.115932,0.0376049
P,0.396571,0.724,0.990206,0.931328,0.970236,0.979266,0.993572,1.04569,0.08622,0.106916,1.22602,1,0.0619862,0.123345,0.0407678
P,0.395403,0.692978,0.993309,0.945339,0.976508,0.980458,0.997204,1.02908,0.089089,0.128893,1.24141,1,0.060351,0.124366,0.0435401
P,0.410206,0.720032,0.996908,0.933953,0.972416,0.982073,0.992353,1.04414,0.0837216,0.127076,1.23292,1,0.0528778,0.118574,0.0381225
P,0.408841,0.707248,0.995756,0.939874,0.969279,0.980403,0.995788,1.01591,0.0916939,0.109879,1.21045,1,0.0623788,0.110818,0.0338617
P,0.389917,0.682209,0.992107,0.942555,0.974214,0.98267,0.997665,1,0.0885956,0.113064,1.22724,1,0.066173,0.118343,0.0359335
P,0.531813,0.836061,0.999161,0.933554,0.967567,0.983689,0.997273,1.00516,0.0841244,0.0943931,1.28792,1,0.0621671,0.119972,0.0469959
P,0.476485,0.769894,0.999649,0.927653,0.965193,0.981257,0.99925,0.983048,0.0840407,0.110607,1.26567,1,0.0596321,0.112772,0.0445645
P,0.551174,0.86819,0.999718,0.921056,0.954523,0.976466,0.998771,0.98628,0.0770688,0.114987,1.26403,1,0.0656133,0.106556,0.0513827
P,0.545252,0.861391,0.999889,0.937927,0.965349,0.977767,0.996718,0.971654,0.0780851,0.112844,1.26006,1,0.0606504,0.0999215,0.0553758
P,0.518771,0.830339,0.999784,0.937494,0.966488,0.976907,0.996944,0.987377,0.0789001,0.108677,1.27255,1,0.0516459,0.102895,0.0565852
P,0.505984,0.81175,0.999957,0.936641,0.967317,0.978112,0.994857,0.985725,0.0763037,0.114904,1.27983,1,0.0529,0.102659,0.0556682
P,0.543083,0.849748,0.999975,0.938713,0.968564,0.974717,0.995755,0.991018,0.0651651,0.103525,1.28619,1,0.0497591,0.104388,0.0547376
P,0.524009,0.816911,0.999917,0.933015,0.968442,0.97969,0.995249,0.980293,0.0756302,0.105645,1.29204,1,0.0490534,0.101081,0.0548669
P,0.501844,0.765196,0.999965,0.944863,0.970035,0.981007,0.997611,0.943924,0.0840783,0.1046,1.26816,1,0.0473455,0.106734,0.0518015
P,0.499831,0.793719,0.999991,0.928137,0.963973,0.982184,0.99698,0.972736,0.0769162,0.106962,1.27029,1,0.0530888,0.113581,0.0444501
P,0.498913,0.800637,0.996806,0.935884,0.974406,0.982922,0.998142,1.00721,0.0793063,0.116962,1.29349,1,0.0572728,0.111326,0.0517727
P,0.474717,0.773639,0.997437,0.932605,0.972676,0.983084,0.997028,0.999991,0.0751794,0.119327,1.27394,1,0.0630234,0.109253,0.0478561
P,0.454564,0.743669,0.995794,0.915215,0.962754,0.98288,0.998257,0.970427,0.0789845,0.123092,1.23295,1,0.0784832,0.0978073,0.0450029
P,0.437398,0.742817,0.995232,0.919876,0.968316,0.98155,0.998203,0.996895,0.0859008,0.12269,1.25669,1,0.0720878,0.105979,0.0467012
P,0.450658,0.728615,0.996931,0.918928,0.968433,0.984215,0.99903,0.98402,0.078359,0.121899,1.24998,1,0.0692562,0.109352,0.0496749
P,0.409263,0.695682,0.998349,0.928158,0.974818,0.986959,0.994022,0.967503,0.0806187,0.118663,1.23424,1,0.0716046,0.0997137,0.0456102
Q,0.640054,0.203073,0.875798,0.80813,0.795326,0.907808,0.97908,0.0810225,0.0404166,0.0756273,0.968845,1,0.0819882,0.128344,-0.0112647
Q,0.688002,0.202525,0.890185,0.825835,0.827312,0.912191,0.982655,0.0931103,0.0528715,0.104234,0.976037,1,0.0637991,0.143168,0.00715631
Q,0.705551,0.200516,0.907577,0.834394,0.829159,0.905175,0.985829,0.0790991,0.0497585,0.102922,0.990706,1,0.0563479,0.136501,0.00662713
Q,0.722904,0.207881,0.900693,0.827375,0.829203,0.920208,0.984315,0.0943841,0.0455627,0.112219,0.980428,1,0.0489844,0.138123,0.00720969
Q,0.716488,0.189061,0.900893,0.82951,0.827023,0.920108,0.988164,0.0663418,0.04619,0.120377,0.979076,1,0.0472545,0.13194,0.00729938
Q,0.714363,0.193136,0.920051,0.85415,0.85695,0.919178,0.993429,0.0621459,0.0483021,0.120111,0.99316,1,0.0604773,0.125047,0.00691144
Q,0.672627,0.181327,0.919454,0.87933,0.874327,0.933282,0.991832,0.0642139,0.0528752,0.121051,0.98388,1,0.054594,0.125499,0.0133862
Q,0.758042,0.206605,0.896185,0.853229,0.844894,0.915651,0.989004,0.0748985,0.0642131,0.0856397,1.00862,1,0.0567627,0.132417,0.0115825
Q,0.891917,0.318042,0.815425,0.816681,0.825957,0.905793,0.968418,0.0914101,0.0697084,0.137493,0.971812,1,0.00747279,0.181027,0.0293818
Q,0.926423,0.333418,0.843826,0.800665,0.822159,0.919796,0.983012,0.0835702,0.0563608,0.13718,0.986814,1,-0.01977,0.159657,0.0340952
Q,0.876198,0.298931,0.814442,0.787419,0.808856,0.894846,0.989934,0.0795228,0.0514192,0.12764,0.979157,1,-0.0143739,0.166252,0.0209196
Q,0.868896,0.287033,0.847074,0.820908,0.836326,0.925812,0.982894,0.0812915,0.0467201,0.135709,0.973182,1,-0.00318743,0.172077,0.0224314
Q,0.849584,0.276115,0.826811,0.794296,0.806354,0.910895,0.97089,0.0966335,0.0569981,0.133614,0.968607,1,-0.000330655,0.187199,0.0174074
Q,0.850101,0.272285,0.80653,0.775999,0.773756,0.879004,0.974918,0.0971651,0.0612697,0.128615,0.974476,1,0.00114599,0.189131,0.0168728
Q,0.851915,0.262271,0.844928,0.818142,0.830221,0.911347,0.979095,0.0861377,0.052461,0.120813,0.973645,1,0.00251494,0.182828,0.0185787
Q,0.842699,0.263964,0.821925,0.800896,0.823887,0.926854,0.973193,0.0918355,0.0579731,0.129312,0.970052,1,-0.00161672,0.187106,0.0172078
Q,0.847575,0.259701,0.857895,0.811025,0.819144,0.895533,0.97542,0.095081,0.0550025,0.111972,0.979632,1,0.00981849,0.192639,0.016333
Q,0.827316,0.223499,0.890834,0.836662,0.835726,0.908578,0.973969,0.0740982,0.0560103,0.117397,0.990773,1,0.0225592,0.16896,0.0176093
Q,0.764389,0.230818,0.915975,0.817919,0.830287,0.906996,0.971194,0.10926,0.0349388,0.0829926,1.00258,1,0.0634063,0.153065,0.0102991
Q,0.738208,0.222002,0.946127,0.894584,0.890649,0.947027,0.980609,0.0785248,0.0327699,0.0901588,0.970258,1,0.0591448,0.133845,0.0027123
Q,0.606541,0.229467,0.973899,0.934236,0.936986,0.97458,0.999166,0.0507592,0.0299816,0.137188,0.977708,1,0.0423263,0.0847389,-0.0106692
Q,0.610488,0.20437,0.985929,0.967175,0.965757,0.986454,0.999024,0.0500367,0.0456404,0.123334,0.98198,1,0.0447302,0.0806187,-0.00368158
Q,0.627759,0.200616,0.987869,0.975742,0.975827,0.988255,0.99729,0.0742165,0.0416842,0.135983,0.957628,1,0.0408606,0.0889866,-0.00379375
Q,0.67793,0.225176,0.983256,0.969038,0.979404,0.990947,0.985737,0.0734109,0.0234745,0.127364,0.977861,1,0.0349504,0.107205,-0.00378872
Q,0.699899,0.233576,0.981785,0.969899,0.977287,0.990962,0.979012,0.0620658,0.0325312,0.120695,0.982244,1,0.0335029,0.105868,-0.00271544
Q,0.697951,0.231674,0.978052,0.969405,0.971502,0.989353,0.972106,0.076584,0.0535133,0.114318,0.986374,1,0.0287468,0.11655,-0.0058602
Q,0.715907,0.229673,0.977903,0.968029,0.972683,0.990283,0.972465,0.0738993,0.0520519,0.108387,0.990233,1,0.0281118,0.116154,-0.00301879
Q,0.572141,0.344296,0.954358,0.937958,0.920607,0.920553,0.992355,0.0810867,0.124655,0.16629,1.01154,1,-0.0439811,-0.0533372,-0.00751999
R,0.111948,0.443988,0.993675,0.997566,-0.842411,-0.903035,0.994836,0.0651312,0.670345,0.0735384,0.935374,1,-0.114677,0.00804467,0.022038
R,0.142101,0.380986,0.99351,0.997413,-0.881588,-0.848141,0.999868,0.0359641,0.626126,0.0544202,0.973402,1,-0.115364,0.00706906,0.0230459
R,0.131547,0.364509,0.994341,0.999807,-0.838315,-0.840124,0.999971,0.0706123,0.652644,0.0518873,0.931109,1,-0.108599,0.00830748,0.0266754
R,0.121231,0.391146,0.996455,0.999492,-0.843546,-0.844222,0.999944,0.069866,0.660582,0.0547251,0.934751,1,-0.111232,0.011702,0.0273118
R,0.125013,0.379039,0.995744,0.999654,-0.823241,-0.826743,0.999946,0.079236,0.668259,0.0491647,0.924013,1,-0.110047,0.0110272,0.0245464
R,0.121322,0.384014,0.995703,0.999695,-0.830352,-0.829702,0.99964,0.0753138,0.670947,0.0508354,0.929507,1,-0.110001,0.0118594,0.0261956
R,0.135034,0.370026,0.994395,0.999568,-0.849759,-0.855651,0.999417,0.0779571,0.663493,0.0578104,0.931095,1,-0.108308,0.0106811,0.0251962
R,0.144148,0.351037,0.992577,0.99899,-0.837857,-0.840209,0.999708,0.0881602,0.657678,0.0542652,0.920406,1,-0.109152,0.0128557,0.0275501
R,0.134993,0.361778,0.994243,0.99947,-0.842357,-0.860725,0.998593,0.0850016,0.664709,0.053186,0.925917,1,-0.110124,0.0121656,0.0256547
R,0.137933,0.368054,0.994886,0.999645,-0.839942,-0.841248,0.998863,0.0797722,0.667123,0.0520493,0.92959,1,-0.109622,0.0115801,0.0234446
R,0.149582,0.347869,0.992164,0.99942,-0.841459,-0.837785,0.99645,0.0865481,0.661467,0.0496333,0.922467,1,-0.108788,0.0100998,0.0239577
R,0.151532,0.356284,0.994179,0.999563,-0.841542,-0.835146,0.995159,0.0828792,0.665597,0.0544437,0.925525,1,-0.107189,0.0114258,0.023921
R,0.145499,0.355275,0.993388,0.999576,-0.829166,-0.833746,0.997058,0.087555,0.667161,0.0532729,0.921222,1,-0.108558,0.011722,0.0251643
R,0.136888,0.366775,0.995283,0.99946,-0.8512,-0.838846,0.999203,0.0870147,0.670045,0.0500988,0.923746,1,-0.108074,0.0110256,0.0234916
R,0.149912,0.365449,0.997072,0.997211,-0.850547,-0.833684,0.999218,0.0581809,0.646474,0.0534411,0.953037,1,-0.109144,0.0102433,0.0262884
R,0.149931,0.353751,0.995621,0.99873,-0.857176,-0.841714,0.998046,0.0720509,0.654355,0.0553824,0.934577,1,-0.107945,0.011137,0.0280953
R,0.1558,0.354,0.993821,0.999512,-0.849619,-0.84449,0.995623,0.0757634,0.657167,0.0545928,0.935428,1,-0.108172,0.0104791,0.0266283
R,0.157854,0.353576,0.99466,0.999335,-0.852658,-0.853142,0.996989,0.0719278,0.657187,0.0569373,0.937809,1,-0.10775,0.0101638,0.0271921
R,0.155396,0.349143,0.993374,0.999353,-0.844114,-0.828187,0.997478,0.0829306,0.657932,0.0517838,0.926847,1,-0.107971,0.0117233,0.0237491
R,0.152672,0.343647,0.994325,0.999003,-0.839976,-0.833886,0.996654,0.0810285,0.658772,0.0524232,0.926323,1,-0.107527,0.0105202,0.0246685
R,0.156675,0.347461,0.996127,0.998781,-0.848822,-0.831909,0.998233,0.0805003,0.657614,0.0528806,0.930979,1,-0.107709,0.0113018,0.0264522
R,0.152909,0.352593,0.995639,0.998496,-0.83847,-0.82772,0.998979,0.0781713,0.658608,0.0505786,0.933271,1,-0.106957,0.0106485,0.0266764
R,0.159008,0.350695,0.994033,0.99915,-0.848508,-0.846302,0.999183,0.0809974,0.658725,0.0555649,0.933736,1,-0.107969,0.0117969,0.025841
R,0.144608,0.342891,0.994078,0.99933,-0.854263,-0.835286,0.998704,0.0945107,0.65835,0.0534816,0.914909,1,-0.106386,0.0100675,0.0267749
R,0.157089,0.346221,0.994341,0.999061,-0.838519,-0.830723,0.999498,0.0884332,0.659738,0.0520749,0.921806,1,-0.105153,0.0113433,0.0260834
R,0.168052,0.310191,0.988944,0.999702,-0.835948,-0.843906,0.99892,0.108522,0.66374,0.054642,0.899714,1,-0.10693,0.0106705,0.0246393
R,0.151726,0.360362,0.995718,0.999516,-0.850519,-0.841546,0.998309,0.0766235,0.658023,0.0529525,0.933965,1,-0.105595,0.0110569,0.0265505
R,0.131453,0.358213,0.994658,0.999489,-0.852389,-0.838288,0.999039,0.093835,0.662588,0.0544601,0.91328,1,-0.108125,0.0124324,0.0272551
S,0.332893,0.560236,-0.810627,-0.906722,-0.958646,-0.966334,0.880598,0.304826,0.27006,0.26907,1.14177,1,-1.10537,0.145186,0.141773
S,0.34788,0.691477,-0.856887,-0.951382,-0.979966,-0.955665,0.853093,0.280961,0.253944,0.286732,1.12958,1,-1.04438,0.165892,0.143947
S,0.338432,0.666216,-0.856764,-0.949653,-0.976047,-0.949567,0.855484,0.269518,0.260082,0.293968,1.12689,1,-1.07176,0.16729,0.150563
S,0.315811,0.653299,-0.849646,-0.950748,-0.980757,-0.945805,0.847022,0.280745,0.259229,0.286206,1.12042,1,-1.04634,0.170632,0.139628
S,0.342819,0.645997,-0.86362,-0.951246,-0.976761,-0.943604,0.873445,0.273009,0.257854,0.289559,1.12731,1,-1.05494,0.174787,0.153334
S,0.352387,0.681656,-0.859745,-0.951318,-0.980753,-0.946381,0.838685,0.281849,0.256589,0.27675,1.1325,1,-1.04611,0.174088,0.155608
S,0.371136,0.653156,-0.867415,-0.957658,-0.979076,-0.944411,0.890769,0.269663,0.248121,0.279291,1.11918,1,-1.02363,0.174625,0.15683
S,0.422049,0.661165,-0.847169,-0.946508,-0.97271,-0.938359,0.910929,0.272206,0.244405,0.261179,1.10507,1,-1.0058,0.152756,0.151624
S,0.471478,0.667131,-0.839247,-0.930441,-0.953802,-0.930174,0.872472,0.258793,0.246757,0.266144,1.09598,1,-0.98314,0.131789,0.132581
S,0.433496,0.630217,-0.836614,-0.928955,-0.954971,-0.934813,0.852036,0.246764,0.236562,0.255179,1.09129,1,-0.962046,0.124987,0.172273
S,0.435795,0.640367,-0.864349,-0.94451,-0.968146,-0.948863,0.865561,0.263714,0.244821,0.26962,1.10813,1,-0.972094,0.146379,0.135275
S,0.427056,0.642365,-0.865006,-0.951829,-0.975221,-0.961865,0.83236,0.259868,0.249191,0.269397,1.09636,1,-0.960761,0.138784,0.125989
S,0.445887,0.623831,-0.830423,-0.9135,-0.953659,-0.956039,0.772014,0.255737,0.246514,0.280579,1.1004,1,-0.978071,0.114837,0.158506
S,0.450772,0.704579,-0.832504,-0.91659,-0.956916,-0.95024,0.864582,0.285649,0.271008,0.305075,1.11461,1,-1.10025,0.175281,0.134248
S,0.410073,0.598904,-0.857042,-0.94944,-0.978908,-0.962106,0.854147,0.269513,0.210017,0.230069,1.0769,1,-0.881944,0.105703,0.16525
S,0.410049,0.543126,-0.796646,-0.911941,-0.970496,-0.97292,0.785955,0.268759,0.23665,0.238799,1.11868,1,-0.838014,0.109566,0.113607
S,0.438742,0.577838,-0.806758,-0.899722,-0.95383,-0.98573,0.795603,0.265873,0.238139,0.247921,1.13365,1,-0.898883,0.0853467,0.108194
S,0.401117,0.57017,-0.796443,-0.908558,-0.964701,-0.981447,0.820612,0.273395,0.238349,0.243797,1.13583,1,-0.889259,0.0817163,0.0922631
S,0.401705,0.581691,-0.798299,-0.914586,-0.966495,-0.980573,0.810562,0.27675,0.238676,0.25274,1.13533,1,-0.900815,0.0840691,0.0930659
S,0.360221,0.573767,-0.803808,-0.91975,-0.966935,-0.983449,0.763245,0.276718,0.232495,0.248558,1.12968,1,-0.909923,0.0981029,0.119536
S,0.415107,0.548223,-0.781586,-0.902026,-0.962948,-0.988367,0.817455,0.27004,0.231122,0.253229,1.13784,1,-0.858179,0.100658,0.116798
S,0.415659,0.600917,-0.784543,-0.918313,-0.958031,-0.993401,0.836539,0.278636,0.213452,0.240164,1.15662,1,-0.893388,0.0856781,0.097085
S,0.411025,0.530884,-0.784992,-0.887731,-0.956092,-0.986243,0.818939,0.255989,0.216728,0.227059,1.11784,1,-0.797408,0.0628633,0.111297
S,0.455405,0.590617,-0.813524,-0.915227,-0.961843,-0.963704,0.792134,0.273902,0.223236,0.233194,1.12351,1,-0.871655,0.0674839,0.146256
S,0.456554,0.580797,-0.814192,-0.928113,-0.972228,-0.95913,0.842075,0.265559,0.223054,0.225271,1.12489,1,-0.831288,0.0537125,0.143594
S,0.439151,0.547714,-0.820738,-0.914232,-0.96404,-0.958602,0.842724,0.258685,0.226725,0.227246,1.12782,1,-0.832237,0.0700764,0.138229
S,0.476281,0.579325,-0.83555,-0.921029,-0.969113,-0.968084,0.80012,0.234083,0.234,0.225336,1.10638,1,-0.805525,0.0580708,0.143663
T,0.575834,0.466603,-0.89273,-0.87161,-0.765114,-0.761306,0.984837,0.523311,0.23756,0.239771,1.49359,1,-1.13579,0.10303,0.179843
T,0.599266,0.534838,-0.876027,-0.865791,-0.768294,-0.80839,0.982629,0.50594,0.2349,0.260276,1.47709,1,-1.16102,0.100591,0.217853
T,0.612994,0.579024,-0.876623,-0.872399,-0.760351,-0.783548,0.959447,0.48235,0.25726,0.265857,1.45836,1,-1.20206,0.127068,0.220655
T,0.625419,0.562166,-0.892674,-0.891206,-0.777466,-0.80825,0.970443,0.491738,0.258645,0.27154,1.46773,1,-1.19015,0.125129,0.213724
T,0.6472,0.599148,-0.864105,-0.867182,-0.783927,-0.805953,0.975536,0.483083,0.264471,0.271776,1.45814,1,-1.23456,0.12443,0.232776
T,0.599148,0.626242,-0.889291,-0.864464,-0.776093,-0.802752,0.976092,0.425668,0.246378,0.260912,1.39188,1,-1.18119,0.140984,0.220524
T,0.568209,0.636516,-0.89066,-0.843798,-0.699214,-0.663424,0.968029,0.385527,0.247128,0.256519,1.34971,1,-1.13674,0.142595,0.194455
T,0.584837,0.605551,-0.916914,-0.879885,-0.751101,-0.715802,0.978117,0.405903,0.253012,0.252213,1.37765,1,-1.13019,0.160263,0.202396
T,0.519232,0.430745,-0.745041,-0.720267,-0.548442,-0.372636,0.963114,0.527294,0.180224,0.16022,1.51094,1,-0.785123,0.108913,0.29562
T,0.647023,0.67694,-0.863141,-0.823727,-0.71489,-0.766973,0.988498,0.499072,0.274733,0.293759,1.47041,1,-1.32032,0.148161,0.250243
T,0.601829,0.613392,-0.876518,-0.8897,-0.797888,-0.861824,0.936001,0.431288,0.287566,0.300524,1.40405,1,-1.25615,0.160055,0.202904
T,0.644581,0.66569,-0.85481,-0.869554,-0.828783,-0.916837,0.950207,0.455528,0.297948,0.317956,1.4237,1,-1.3645,0.188013,0.233093
T,0.696615,0.685552,-0.814598,-0.839746,-0.825696,-0.944313,0.969162,0.436352,0.292439,0.321212,1.40632,1,-1.35031,0.148768,0.187675
T,0.614503,0.641352,-0.830717,-0.856916,-0.841333,-0.934847,0.936054,0.371597,0.261418,0.286899,1.33063,1,-1.18743,0.163002,0.125933
T,0.657673,0.622675,-0.83101,-0.857476,-0.84398,-0.952218,0.947577,0.388257,0.259339,0.300414,1.35442,1,-1.1711,0.130786,0.103401
T,0.665402,0.688752,-0.826867,-0.86645,-0.864461,-0.969874,0.950332,0.394573,0.260407,0.318722,1.35104,1,-1.21938,0.149209,0.0969567
T,0.679833,0.671872,-0.816508,-0.85584,-0.848162,-0.963001,0.955985,0.382115,0.29349,0.333379,1.33964,1,-1.24513,0.141274,0.0921294
T,0.677693,0.703313,-0.81028,-0.880833,-0.860882,-0.966835,0.966862,0.377808,0.274671,0.328132,1.3237,1,-1.21405,0.135875,0.0733372
T,0.652127,0.651289,-0.829523,-0.871764,-0.852341,-0.961899,0.945795,0.366374,0.274555,0.307362,1.31827,1,-1.19753,0.138489,0.0853195
T,0.672629,0.699808,-0.821363,-0.871457,-0.849229,-0.947933,0.962844,0.377399,0.276665,0.305938,1.3371,1,-1.23435,0.155637,0.0954612
T,0.634989,0.674191,-0.808674,-0.867879,-0.854728,-0.934622,0.953375,0.382438,0.265701,0.29717,1.33155,1,-1.22362,0.149343,0.0551784
T,0.672255,0.677551,-0.825697,-0.87044,-0.835957,-0.951151,0.958235,0.376914,0.282954,0.310616,1.32075,1,-1.22831,0.131228,0.0797167
T,0.619873,0.667738,-0.815035,-0.860185,-0.841506,-0.962052,0.94421,0.368277,0.2641,0.303104,1.31559,1,-1.18612,0.146908,0.102458
U,0.0897277,0.511224,0.992477,0.99981,-0.806135,-0.759653,0.974313,0.0894825,0.662815,0.057405,0.939669,1,-0.104721,0.0131945,0.0357578
U,0.0881934,0.466574,0.996099,0.999802,-0.857277,-0.766228,0.988566,0.0896567,0.637747,0.0765648,0.939944,1,-0.109284,0.014277,0.0324829
U,0.0968491,0.445469,0.995604,0.998939,-0.85496,-0.769712,0.986448,0.082506,0.625188,0.0770181,0.949454,1,-0.111814,0.0142313,0.0375032
U,0.0977332,0.442795,0.993533,0.99895,-0.860058,-0.761883,0.986132,0.0803263,0.613766,0.0753189,0.951519,1,-0.112992,0.0120429,0.0356257
U,0.0950768,0.438505,0.993543,0.998965,-0.833525,-0.702094,0.989042,0.0837787,0.622912,0.0785659,0.945306,1,-0.11257,0.0131597,0.0358729
U,0.093425,0.435853,0.993671,0.998305,-0.843457,-0.707127,0.98857,0.0803475,0.613997,0.0814814,0.952286,1,-0.112071,0.012885,0.0366459
U,0.0778425,0.440335,0.992905,0.996257,-0.867089,-0.794496,0.970316,0.0758511,0.587522,0.063335,0.954042,1,-0.114303,0.0126079,0.0368737
U,0.0798597,0.439712,0.993292,0.997199,-0.885512,-0.771826,0.952873,0.0790279,0.576022,0.0755431,0.949687,1,-0.112625,0.0121722,0.0310229
U,0.100385,0.455115,0.995758,0.999344,-0.875074,-0.787999,0.982617,0.0803468,0.595213,0.0680851,0.948797,1,-0.112908,0.0184414,0.0288776
U,0.0857232,0.508077,0.997773,0.999287,-0.847784,-0.781081,0.974591,0.0954889,0.621792,0.0740915,0.943222,1,-0.111419,0.0243605,0.0264925
U,0.0776462,0.480916,0.994594,0.999634,-0.854286,-0.801706,0.980647,0.0861276,0.62234,0.06688,0.944264,1,-0.108602,0.015653,0.0360368
U,0.0842778,0.503824,0.994524,0.999367,-0.845591,-0.818644,0.97023,0.0931497,0.617454,0.0619735,0.939536,1,-0.105324,0.0155776,0.0384832
U,0.0906961,0.520899,0.995579,0.999885,-0.837836,-0.82778,0.973237,0.0876819,0.633232,0.0608977,0.941643,1,-0.105091,0.0162367,0.0342056
U,0.0818555,0.519119,0.997059,0.999171,-0.827053,-0.816211,0.968033,0.0906539,0.628917,0.0652001,0.939926,1,-0.10322,0.0169371,0.0369804
U,0.0808533,0.517726,0.997472,0.999747,-0.82573,-0.80733,0.961347,0.101367,0.624432,0.0755399,0.938894,1,-0.10207,0.0168484,0.0367979
U,0.0769058,0.517831,0.997696,0.99962,-0.824437,-0.824338,0.965556,0.0988494,0.631284,0.0697215,0.941149,1,-0.102843,0.016784,0.0369679
U,0.0818937,0.514011,0.997554,0.999694,-0.823644,-0.79918,0.966102,0.106691,0.631577,0.0688772,0.936504,1,-0.102293,0.0174637,0.0374365
U,0.0799589,0.518068,0.996736,0.999607,-0.829418,-0.815888,0.962384,0.0999121,0.627168,0.0643084,0.945961,1,-0.103159,0.0164357,0.038126
U,0.0821852,0.511466,0.997997,0.999629,-0.823135,-0.797883,0.967783,0.10358,0.632904,0.0657882,0.942246,1,-0.101722,0.0162828,0.0361183
U,0.0782621,0.518355,0.997871,0.999391,-0.821086,-0.819263,0.96305,0.104841,0.633781,0.0644095,0.944638,1,-0.103903,0.016983,0.0388437
U,0.0766388,0.520708,0.997562,0.999713,-0.814132,-0.81596,0.965663,0.103534,0.643488,0.0636532,0.947338,1,-0.103535,0.0171228,0.0374372
U,0.0788324,0.521928,0.99597,0.999905,-0.81915,-0.798435,0.959058,0.118137,0.637229,0.0589707,0.943157,1,-0.103224,0.0167706,0.0372483
U,0.0868915,0.521592,0.997706,0.999937,-0.797248,-0.761401,0.972516,0.12765,0.654067,0.0574665,0.943079,1,-0.102585,0.0173936,0.034925
V,0.0947288,0.570879,0.997428,0.999781,-0.718128,-0.473,0.981121,0.280256,0.670152,0.0837758,0.930497,1,-0.100302,0.0184388,0.0278874
V,0.100929,0.538476,0.998243,0.999491,-0.727058,-0.324016,0.994485,0.283863,0.66201,0.11593,0.929871,1,-0.0997069,0.0176455,0.0246273
V,0.0956951,0.54603,0.997342,0.99985,-0.753514,-0.473321,0.996006,0.277925,0.665372,0.101424,0.929917,1,-0.100162,0.0175942,0.0279219
V,0.0903098,0.535733,0.997702,0.99991,-0.742009,-0.433387,0.992729,0.264917,0.651736,0.104641,0.927485,1,-0.101529,0.0173889,0.0295128
V,0.0824663,0.51752,0.996697,0.999996,-0.778685,-0.540373,0.993004,0.259225,0.648965,0.0988744,0.926936,1,-0.101906,0.0167292,0.0282838
V,0.076167,0.520411,0.99818,0.999914,-0.774564,-0.510691,0.990946,0.251473,0.652341,0.0997219,0.923005,1,-0.0992324,0.0168171,0.0252365
V,0.0853857,0.534521,0.99827,0.999963,-0.750687,-0.540814,0.993114,0.268862,0.664109,0.0929132,0.924291,1,-0.100262,0.0179342,0.0287903
V,0.0819762,0.526655,0.998055,0.999691,-0.807484,-0.587336,0.992701,0.248595,0.637149,0.0971621,0.927742,1,-0.10098,0.0166606,0.0271944
V,0.083793,0.551508,0.99831,0.999767,-0.811497,-0.538747,0.981106,0.247639,0.62833,0.0930548,0.921703,1,-0.0997764,0.0170187,0.0284221
V,0.0948704,0.559297,0.997733,0.999941,-0.819379,-0.575215,0.976978,0.250981,0.621812,0.0929143,0.91865,1,-0.0971061,0.017715,0.0255042
V,0.0924137,0.559895,0.997854,0.999965,-0.811157,-0.517404,0.977515,0.25049,0.632855,0.0862073,0.921571,1,-0.0970236,0.0182437,0.0262984
V,0.0921164,0.555179,0.998407,0.999874,-0.802392,-0.476208,0.979373,0.240031,0.634496,0.084127,0.921287,1,-0.0977239,0.0178627,0.0265219
V,0.0798,0.5505,0.998718,0.999718,-0.788231,-0.510899,0.978429,0.23602,0.62504,0.0905736,0.920656,1,-0.0992321,0.0198202,0.0304357
V,0.0768422,0.551998,0.998842,0.999848,-0.797602,-0.486799,0.977425,0.233466,0.624783,0.0936954,0.919921,1,-0.0988054,0.0204631,0.0294344
V,0.07666,0.552637,0.998637,0.999815,-0.798292,-0.538521,0.97393,0.232319,0.622138,0.0867228,0.920406,1,-0.0989015,0.0211672,0.0308239
V,0.0726973,0.546669,0.998645,0.999794,-0.815223,-0.597394,0.96902,0.242575,0.628567,0.0830424,0.919523,1,-0.099157,0.0197104,0.0309859
V,0.0843062,0.556232,0.997954,0.999521,-0.804205,-0.549196,0.974912,0.233085,0.641464,0.0815333,0.921159,1,-0.0975436,0.0211532,0.0267802
V,0.0644133,0.522165,0.997523,0.999757,-0.808389,-0.391033,0.951618,0.233323,0.61693,0.0777994,0.920608,1,-0.0993854,0.017915,0.0296914
V,0.0904026,0.561461,0.997482,0.999912,-0.785229,-0.478419,0.969971,0.268257,0.630897,0.0917746,0.9284,1,-0.102106,0.0189685,0.0248466
V,0.0985676,0.559425,0.998844,0.999699,-0.79455,-0.496244,0.984904,0.276341,0.634051,0.0993489,0.930727,1,-0.10073,0.0184358,0.0243377
V,0.0887014,0.557964,0.998217,0.99994,-0.798539,-0.527918,0.978786,0.261028,0.633136,0.0908659,0.928225,1,-0.098448,0.0196093,0.024769
V,0.0866029,0.558449,0.99884,0.999992,-0.800161,-0.451284,0.972327,0.261396,0.630547,0.0983782,0.934021,1,-0.0996933,0.0199067,0.025531
V,0.0866514,0.552571,0.998662,0.999973,-0.805437,-0.538439,0.982863,0.260991,0.637892,0.0903557,0.933017,1,-0.100143,0.0206442,0.0267418
V,0.0892813,0.550762,0.998317,0.999919,-0.784137,-0.554911,0.985831,0.259387,0.654864,0.084011,0.93209,1,-0.10033,0.0193451,0.0262826
V,0.0775888,0.560305,0.99902,0.999761,-0.766166,-0.32064,0.974686,0.253448,0.657705,0.0910997,0.927436,1,-0.100597,0.0199697,0.0320042
W,0.107287,0.610195,0.998504,0.992724,0.995955,-0.300183,0.998007,0.22999,0.212546,0.689566,0.918992,1,-0.101382,0.0230004,0.0184569
W,0.124107,0.612915,0.997249,0.992436,0.997186,-0.148089,0.997052,0.233105,0.203998,0.698074,0.919671,1,-0.100111,0.0224306,0.0176822
W,0.126135,0.623584,0.997718,0.990949,0.995148,-0.364528,0.995747,0.230236,0.202611,0.685123,0.925069,1,-0.100554,0.022369,0.0170307
W,0.12167,0.610386,0.997137,0.991867,0.996287,-0.283459,0.995099,0.228167,0.204868,0.680971,0.919543,1,-0.100621,0.0219724,0.0166446
W,0.120843,0.618347,0.997663,0.992278,0.997014,-0.415037,0.995998,0.227406,0.211828,0.676637,0.919055,1,-0.0996312,0.0222949,0.0175444
W,0.120514,0.622618,0.997869,0.992351,0.99662,-0.254856,0.998116,0.223063,0.217324,0.689827,0.918397,1,-0.0991124,0.0240308,0.0188164
W,0.123832,0.627774,0.997482,0.992575,0.997344,-0.35136,0.992201,0.207877,0.218914,0.68441,0.922067,1,-0.0981126,0.0232512,0.0197312
W,0.133431,0.629839,0.997325,0.993195,0.99819,-0.236866,0.997176,0.204333,0.218254,0.684142,0.91675,1,-0.0981822,0.0243997,0.0213198
W,0.125649,0.62771,0.998135,0.993241,0.998811,-0.343614,0.997398,0.205314,0.213209,0.677331,0.921414,1,-0.0971137,0.023842,0.019308
W,0.120245,0.629562,0.998137,0.99322,0.99829,-0.378346,0.989278,0.20044,0.205127,0.670829,0.926541,1,-0.0965492,0.023666,0.0211096
W,0.114681,0.625973,0.998432,0.993448,0.998401,-0.421145,0.989894,0.204308,0.197875,0.674378,0.924623,1,-0.0960765,0.0236502,0.0216526
W,0.121571,0.630895,0.998153,0.993217,0.998289,-0.397956,0.993323,0.205831,0.197418,0.670419,0.925403,1,-0.0972626,0.0240994,0.0202911
W,0.11203,0.617042,0.998675,0.992819,0.99928,-0.586942,0.984824,0.196761,0.194721,0.648987,0.92794,1,-0.0961161,0.0214756,0.0183093
W,0.112525,0.6136,0.996786,0.992566,0.999511,-0.662454,0.97703,0.198628,0.198744,0.644715,0.922299,1,-0.0968967,0.0212219,0.0185239
W,0.0963322,0.601168,0.997563,0.99189,0.999124,-0.53232,0.981603,0.20058,0.197831,0.655005,0.925406,1,-0.0976114,0.0218694,0.0184855
W,0.0931357,0.59195,0.997809,0.99176,0.99857,-0.458178,0.98051,0.211135,0.195929,0.666268,0.918492,1,-0.0974668,0.0221674,0.0188354
W,0.0993428,0.59639,0.997789,0.992362,0.996508,-0.600965,0.961116,0.205658,0.192402,0.648166,0.925079,1,-0.0994168,0.0195698,0.0143541
W,0.0915417,0.585939,0.997749,0.990552,0.991721,-0.512339,0.968441,0.207732,0.206566,0.671005,0.926848,1,-0.102988,0.019088,0.0135148
W,0.0933371,0.597681,0.996795,0.990463,0.992676,-0.538554,0.977976,0.209518,0.208436,0.671727,0.928841,1,-0.104096,0.0194442,0.0176838
W,0.102305,0.604273,0.99703,0.990807,0.994214,-0.526555,0.984772,0.212511,0.206934,0.668766,0.923454,1,-0.101939,0.0201785,0.0160488
W,0.100489,0.607367,0.997526,0.991165,0.993083,-0.472527,0.978394,0.208989,0.205836,0.665623,0.922317,1,-0.098634,0.0216511,0.018997
W,0.0912861,0.582385,0.998149,0.990584,0.995594,-0.523151,0.963087,0.201456,0.186995,0.662134,0.926053,1,-0.100553,0.0211623,0.0187224
W,0.0876883,0.580356,0.998397,0.991427,0.995544,-0.37922,0.972291,0.202669,0.188546,0.664669,0.92165,1,-0.100586,0.0225052,0.0188797
W,0.0844951,0.573918,0.998411,0.990537,0.994367,-0.359793,0.973761,0.203456,0.182672,0.651273,0.920537,1,-0.101178,0.0216084,0.0209391
W,0.0849887,0.577177,0.997921,0.99241,0.996391,-0.475186,0.967522,0.208084,0.187805,0.657924,0.912229,1,-0.0987372,0.0214161,0.0225068
W,0.0870562,0.583327,0.998231,0.991397,0.994342,-0.407684,0.964084,0.198662,0.190034,0.647707,0.924056,1,-0.1,0.0203182,0.0218558
X,0.359605,1.18633,0.988942,-0.778556,-0.73964,-0.806491,0.940741,1.83127,0.256733,0.233221,2.79962,1,-1.19022,0.153804,0.164816
X,0.517284,0.980131,0.969454,-0.863302,-0.859122,-0.886278,0.960944,1.81568,0.232002,0.244579,2.80733,1,-1.23547,0.148823,0.173043
X,0.409845,1.09618,0.967327,-0.832938,-0.835404,-0.868725,0.963404,1.82781,0.23119,0.250267,2.81095,1,-1.25427,0.139502,0.132176
X,0.347989,1.12709,0.950767,-0.847308,-0.840841,-0.874201,0.948552,1.79862,0.240139,0.265737,2.78746,1,-1.29271,0.146811,0.190954
X,0.433635,1.02093,0.944805,-0.816494,-0.818381,-0.864529,0.961176,1.78624,0.226913,0.252029,2.77514,1,-1.30135,0.138686,0.147798
X,0.421209,1.01055,0.930129,-0.795467,-0.792569,-0.869453,0.966582,1.76224,0.244576,0.262775,2.74291,1,-1.33669,0.145923,0.200789
X,0.397476,0.931147,0.883916,-0.801548,-0.82849,-0.900158,0.966882,1.61915,0.226051,0.26189,2.60511,1,-1.25145,0.135481,0.222167
X,0.431656,0.850287,0.856654,-0.768329,-0.81366,-0.900081,0.96523,1.5778,0.230873,0.263001,2.56095,1,-1.25517,0.154946,0.245415
X,0.44734,0.735181,0.691792,-0.750716,-0.799421,-0.885663,0.966552,1.50139,0.225834,0.259521,2.48304,1,-1.30448,0.15275,0.244347
X,0.435196,0.782486,0.73671,-0.802985,-0.806416,-0.875099,0.965916,1.536,0.235181,0.272476,2.52544,1,-1.34281,0.140312,0.204667
X,0.452222,0.692922,0.678239,-0.753004,-0.82044,-0.904186,0.969504,1.44657,0.22721,0.247483,2.42845,1,-1.24004,0.154628,0.244793
X,0.422939,0.741082,0.672381,-0.775182,-0.784001,-0.861514,0.965617,1.44224,0.232159,0.270165,2.4295,1,-1.26941,0.131059,0.192475
X,0.545024,0.572667,0.828413,-0.819599,-0.807825,-0.901009,0.975236,1.36454,0.224822,0.264303,2.36134,1,-1.14407,0.116745,0.171647
X,0.486382,0.664133,0.77067,-0.79915,-0.801928,-0.896213,0.968755,1.43296,0.228541,0.261879,2.42175,1,-1.22792,0.116689,0.161559
X,0.453485,0.675577,0.82299,-0.807352,-0.805285,-0.894546,0.964775,1.40418,0.220089,0.253303,2.39537,1,-1.21385,0.108829,0.179985
X,0.471234,0.690097,0.838053,-0.832925,-0.799798,-0.871527,0.96887,1.44275,0.221128,0.257369,2.43749,1,-1.22044,0.112979,0.144661
X,0.482121,0.663617,0.787911,-0.825621,-0.801555,-0.882095,0.969527,1.42814,0.222763,0.263802,2.41997,1,-1.21442,0.114529,0.15296
X,0.450146,0.750417,0.823299,-0.843312,-0.869978,-0.91808,0.956444,1.50675,0.231119,0.24469,2.49775,1,-1.26131,0.123006,0.191018
X,0.455325,0.71532,0.866162,-0.8207,-0.801386,-0.8738,0.96131,1.4419,0.222126,0.256692,2.43334,1,-1.20248,0.113934,0.174542
X,0.416847,0.827654,0.964896,-0.856142,-0.863545,-0.911078,0.934095,1.52325,0.218148,0.239885,2.51298,1,-1.16427,0.115291,0.207517
X,0.64237,0.599014,0.994235,-0.852841,-0.767167,-0.729579,0.987182,1.5271,0.249459,0.247329,2.51529,1,-1.15224,0.113367,0.1819
X,0.653827,0.539325,0.800641,-0.678566,-0.51361,-0.395444,0.990705,1.50116,0.250716,0.205866,2.48227,1,-1.16173,0.125164,0.26054
X,0.418878,0.807873,0.985932,-0.886779,-0.866502,-0.884885,0.921338,1.4962,0.231177,0.248896,2.48831,1,-1.16029,0.12128,0.207787
X,0.404611,0.876668,0.875357,-0.81653,-0.859314,-0.921323,0.949839,1.5729,0.230861,0.2364,2.55719,1,-1.248,0.126101,0.167397
X,0.346201,0.972437,0.579114,-0.741273,-0.811779,-0.912812,0.94728,1.57776,0.200482,0.263069,2.54268,1,-1.20019,0.165987,0.0731755
X,0.346039,0.948367,0.420796,-0.724962,-0.753216,-0.835471,0.958076,1.46491,0.178357,0.233164,2.43306,1,-1.13366,0.137866,0.0536643
X,0.356572,0.955699,0.351558,-0.67787,-0.710958,-0.793884,0.956374,1.51046,0.176174,0.240324,2.48353,1,-1.18363,0.137155,-0.0143892
X,0.331058,0.939525,0.398769,-0.705439,-0.733311,-0.825863,0.950388,1.55316,0.178426,0.232748,2.51608,1,-1.20274,0.14345,0.0372159
X,0.30503,0.99798,0.425359,-0.695651,-0.74532,-0.847411,0.930457,1.62816,0.187606,0.252756,2.5893,1,-1.29462,0.166319,0.024702
X,0.318888,0.998129,0.569358,-0.800545,-0.829245,-0.912679,0.925147,1.63762,0.214538,0.266508,2.61735,1,-1.31328,0.174136,0.0813433
Y,1.45174,1.28016,-0.694056,-0.622382,-0.599087,0.966784,0.853304,0.265155,0.224532,1.56666,1.117,1,-1.30172,0.209794,-0.016978
Y,1.38535,1.15271,-0.880328,-0.829654,-0.78271,0.954276,0.886629,0.294188,0.269562,1.40273,1.22806,1,-1.07747,0.0891723,-0.0364695
Y,1.36445,1.15943,-0.86646,-0.840292,-0.788984,0.959026,0.865286,0.239265,0.241751,1.48649,1.17402,1,-1.09922,0.107113,-0.0726811
Y,1.4061,1.20148,-0.855179,-0.819544,-0.770982,0.965065,0.884805,0.257908,0.233237,1.54424,1.19962,1,-1.16339,0.117954,-0.0987645
Y,1.42207,1.2316,-0.848728,-0.814041,-0.775456,0.954658,0.916679,0.261244,0.243303,1.54059,1.20437,1,-1.18803,0.110656,-0.0720369
Y,1.38879,1.19175,-0.854438,-0.822272,-0.789863,0.965937,0.925409,0.259335,0.242635,1.54753,1.20583,1,-1.15613,0.0630431,-0.07371
Y,1.41707,1.20754,-0.866916,-0.845727,-0.817083,0.961405,0.932616,0.257626,0.252767,1.48593,1.20898,1,-1.13416,0.0832541,-0.0631192
Y,1.38382,1.19113,-0.848981,-0.837203,-0.808418,0.957231,0.915031,0.248313,0.247547,1.5378,1.19899,1,-1.16213,0.0862216,-0.0777263
Y,1.44574,1.23989,-0.842608,-0.828005,-0.787449,0.964534,0.925699,0.26554,0.254252,1.59307,1.22017,1,-1.20451,0.0383291,-0.119101
Y,1.57984,1.35413,-0.836744,-0.801616,-0.758101,0.949849,0.91385,0.282943,0.269069,1.58517,1.20258,1,-1.32192,0.0186713,-0.168057
Y,1.6039,1.38038,-0.828762,-0.800185,-0.747889,0.955581,0.899045,0.238583,0.261124,1.70653,1.16488,1,-1.38474,0.0748516,-0.144939
Y,1.54146,1.32251,-0.79183,-0.792136,-0.761982,0.936532,0.90618,0.195344,0.226713,1.65297,1.13188,1,-1.34316,0.151754,-0.143426
Y,1.59526,1.34732,-0.808176,-0.793755,-0.746114,0.948989,0.89498,0.210249,0.238718,1.70004,1.16812,1,-1.40409,0.0944167,-0.169752
Y,1.57495,1.38618,-0.796873,-0.774622,-0.762383,0.9342,0.935165,0.22098,0.283648,1.55657,1.1261,1,-1.38521,0.00205481,-0.208061
Y,1.62203,1.41198,-0.769843,-0.728041,-0.729286,0.937964,0.913071,0.228385,0.270353,1.72284,1.15675,1,-1.44297,0.132711,-0.187125
Y,1.65069,1.46364,-0.740225,-0.672826,-0.650562,0.946989,0.935096,0.253995,0.255983,1.81213,1.17577,1,-1.49633,0.114705,-0.187319
Y,1.60193,1.4276,-0.753528,-0.703695,-0.677817,0.946786,0.917784,0.237933,0.25517,1.75238,1.16179,1,-1.47167,0.114979,-0.181515
Y,1.57873,1.41808,-0.743205,-0.700336,-0.678159,0.938055,0.901242,0.232704,0.266128,1.70845,1.1591,1,-1.46293,0.111419,-0.198469
Y,1.60457,1.43713,-0.745048,-0.691612,-0.667875,0.947057,0.893611,0.246221,0.270063,1.77434,1.16501,1,-1.49521,0.11031,-0.188692
Y,1.54132,1.38423,-0.74575,-0.712869,-0.702616,0.943734,0.880767,0.216408,0.26446,1.71542,1.1393,1,-1.45218,0.121187,-0.198662
Y,1.5672,1.40033,-0.768976,-0.739561,-0.716471,0.9457,0.902169,0.221143,0.263152,1.68475,1.13984,1,-1.43938,0.105077,-0.173469
Y,1.52489,1.3634,-0.740493,-0.712621,-0.710015,0.930385,0.904124,0.224499,0.26585,1.61437,1.15216,1,-1.43133,0.142533,-0.151975
Y,1.50828,1.33383,-0.740177,-0.702998,-0.695992,0.931332,0.906614,0.235792,0.245956,1.64001,1.16552,1,-1.39504,0.138421,-0.174464
Y,1.54122,1.36692,-0.72973,-0.695481,-0.684013,0.924682,0.911594,0.240356,0.266153,1.68423,1.17718,1,-1.45814,0.146962,-0.195549
Y,1.51457,1.35263,-0.75215,-0.717808,-0.706303,0.930591,0.908866,0.227999,0.264208,1.63691,1.15432,1,-1.42177,0.139977,-0.175632
Y,1.49961,1.32617,-0.711783,-0.714032,-0.698483,0.900253,0.880555,0.226005,0.286237,1.58613,1.14325,1,-1.40807,0.166738,-0.191451
Y,1.19531,1.10382,-0.665891,-0.619443,-0.677312,0.93981,0.948728,0.222197,0.214973,1.37647,1.13843,1,-1.12444,0.101523,-0.0351522
0,0.557004,0.162751,-0.435024,-0.488979,-0.496124,-0.216929,0.775604,0.111236,0.090394,0.167299,1.03028,1,-0.273547,0.0746168,0.18728
0,0.522147,0.123528,-0.368567,-0.484977,-0.514228,-0.297222,0.763719,0.0817108,0.111694,0.164382,1.01236,1,-0.270344,0.0688802,0.138105
0,0.560734,0.14114,-0.308341,-0.382431,-0.378153,-0.184905,0.870789,0.109426,0.0845212,0.137522,1.01552,1,-0.24099,0.0936539,0.208956
0,0.613556,0.124731,-0.321575,-0.380508,-0.387006,-0.15695,0.755517,0.120066,0.0810683,0.135762,1.00455,1,-0.278441,0.116337,0.226448
0,0.60975,0.127252,-0.333455,-0.383744,-0.387674,-0.128317,0.719091,0.144009,0.0823825,0.123414,1.00616,1,-0.272649,0.140518,0.248609
0,0.614235,0.11299,-0.368666,-0.423154,-0.420749,-0.160648,0.714062,0.138808,0.0836779,0.145159,1.01348,1,-0.281078,0.150608,0.254423
0,0.61441,0.149866,-0.459939,-0.442836,-0.404174,-0.141587,0.77721,0.12574,0.0631565,0.131203,1.00021,1,-0.255625,0.162393,0.255725
0,0.671858,0.144855,-0.443748,-0.423899,-0.399728,-0.172265,0.729329,0.12305,0.0555838,0.15087,0.993064,1,-0.25677,0.159389,0.267153
0,0.639364,0.173999,-0.45415,-0.430542,-0.36049,-0.0401974,0.739352,0.129068,0.0649962,0.138787,1.01561,1,-0.269133,0.156519,0.268463
0,0.630023,0.169531,-0.440151,-0.404004,-0.355552,-0.119942,0.618438,0.158268,0.0683555,0.113431,1.02732,1,-0.229902,0.18276,0.29255
0,0.624137,0.157013,-0.461659,-0.432871,-0.399907,-0.0745628,0.642144,0.132433,0.0696569,0.12629,1.02566,1,-0.251003,0.1616,0.285444
0,0.596153,0.126174,-0.513379,-0.495403,-0.482677,-0.187189,0.626872,0.133912,0.0770723,0.107972,1.01772,1,-0.245221,0.135335,0.272134
0,0.555036,0.138054,-0.526598,-0.565395,-0.580201,-0.243697,0.589103,0.0967567,0.0801292,0.116909,1.01213,1,-0.260103,0.111432,0.199971
0,0.568495,0.140205,-0.522446,-0.552003,-0.580042,-0.258909,0.634429,0.111876,0.0830976,0.110051,1.01793,1,-0.258489,0.110571,0.196875
0,0.607427,0.162667,-0.51426,-0.548806,-0.60525,-0.281801,0.622333,0.112363,0.102989,0.142498,1.03159,1,-0.290937,0.11245,0.187739
0,0.560712,0.153168,-0.59137,-0.631155,-0.656755,-0.44237,0.661618,0.0926133,0.108072,0.131588,0.995864,1,-0.311365,0.0845589,0.132053
0,0.564166,0.151082,-0.621161,-0.646166,-0.683104,-0.46495,0.664532,0.0985925,0.103661,0.143205,1.02952,1,-0.316413,0.115695,0.182546
0,0.548296,0.156582,-0.622523,-0.651963,-0.665777,-0.373714,0.633552,0.0878339,0.0952573,0.148874,1.02445,1,-0.31002,0.0994147,0.163025
0,0.544203,0.151003,-0.70423,-0.71829,-0.752083,-0.526535,0.502385,0.100615,0.113149,0.143427,1.02601,1,-0.338838,0.12899,0.160444
0,0.503871,0.13893,-0.756629,-0.773287,-0.801926,-0.563946,0.499949,0.108924,0.122346,0.152906,1.03333,1,-0.434599,0.13218,0.104736
0,0.671966,0.206209,-0.355113,-0.362841,-0.372431,-0.248217,0.47596,0.13773,0.0616029,0.121463,1.03244,1,-0.174781,0.155211,0.352806
0,0.711051,0.208474,-0.0849261,-0.128059,-0.149789,-0.0330798,0.605672,0.123797,0.0352263,0.109272,1.01974,1,-0.0948505,0.120333,0.316234
0,0.703729,0.175288,-0.0689865,-0.104142,-0.125405,-0.0407439,0.64022,0.123458,0.0480055,0.112428,1.00821,1,-0.0858022,0.130638,0.334573
0,0.72452,0.150346,-0.119186,-0.0962921,-0.114871,-0.0455113,0.707076,0.121886,0.0501214,0.119466,0.99109,1,-0.109339,0.124933,0.345597
0,0.75145,0.168104,-0.10027,-0.0822229,-0.141382,-0.0750619,0.641328,0.12801,0.0614165,0.108807,1.02564,1,-0.0650172,0.152663,0.408624
0,0.755801,0.159227,-0.069506,-0.0766122,-0.143124,-0.0771296,0.625967,0.100579,0.0391389,0.0984619,1.01162,1,-0.0529805,0.136348,0.364413
0,0.417269,0.187469,-0.698021,-0.737719,-0.525083,-0.348381,0.99206,0.167646,0.106558,0.142031,0.97818,1,-0.236926,0.0221925,0.024296
1,0.220625,1.50805,0.998191,-0.826416,-0.913004,-0.930887,0.641501,1.66861,0.1971,0.198921,2.60897,1,-0.87672,0.136402,0.250181
1,0.252392,1.62193,0.998809,-0.805968,-0.892958,-0.901302,0.609006,1.7957,0.203748,0.198171,2.72625,1,-0.91918,0.154835,0.256978
1,0.289718,1.69001,0.998967,-0.808872,-0.894347,-0.905983,0.663447,1.81584,0.21237,0.211284,2.74661,1,-0.930022,0.167347,0.250915
1,0.300784,1.78379,0.999266,-0.786479,-0.864391,-0.899642,0.642781,1.85137,0.214295,0.229728,2.79252,1,-0.944652,0.189957,0.291209
1,0.380745,1.80872,0.999025,-0.659236,-0.696858,-0.743325,0.593196,1.84196,0.230382,0.201768,2.76795,1,-0.93756,0.17609,0.290167
1,0.425337,1.8105,0.999098,-0.646052,-0.6029,-0.526009,0.495469,1.80495,0.233195,0.196203,2.74106,1,-0.952174,0.17797,0.292332
1,0.374181,1.82415,0.999385,-0.677215,-0.758638,-0.822432,0.638489,1.88501,0.237805,0.215979,2.80758,1,-0.956707,0.174874,0.279514
1,0.34506,1.70914,0.998431,-0.719153,-0.848707,-0.874532,0.568623,1.80827,0.210194,0.196834,2.72166,1,-0.892293,0.15422,0.241814
1,0.34721,1.7558,0.998513,-0.778556,-0.839229,-0.834947,0.444828,1.82436,0.220628,0.196467,2.74171,1,-0.900269,0.159326,0.260325
1,0.398211,1.74568,0.998659,-0.742545,-0.82644,-0.790025,0.35964,1.85661,0.219979,0.181572,2.75614,1,-0.872152,0.169727,0.269459
1,0.4077,1.70867,0.998189,-0.767923,-0.780432,-0.726258,0.192104,1.7784,0.214009,0.166411,2.69146,1,-0.819845,0.151872,0.254281
1,0.358131,1.69171,0.998162,-0.768854,-0.813168,-0.795927,0.308315,1.77589,0.208213,0.187209,2.67987,1,-0.81443,0.150022,0.251556
1,0.379112,1.67183,0.998705,-0.777532,-0.84088,-0.828235,0.29048,1.77929,0.207717,0.182492,2.68295,1,-0.825587,0.159736,0.265757
1,0.386807,1.62983,0.998817,-0.740833,-0.75105,-0.706061,0.343077,1.83587,0.217058,0.183584,2.7336,1,-0.865588,0.161309,0.246536
1,0.407004,1.65931,0.99943,-0.690519,-0.670041,-0.597231,0.440325,1.8811,0.232682,0.183583,2.76768,1,-0.897165,0.179815,0.256207
1,0.396614,1.64919,0.999129,-0.71238,-0.729543,-0.671951,0.461828,1.83754,0.233364,0.16528,2.73915,1,-0.853285,0.168646,0.25146
1,0.38182,1.6412,0.998866,-0.744345,-0.783197,-0.730709,0.423353,1.81507,0.229912,0.167023,2.72417,1,-0.836573,0.163046,0.250055
1,0.373684,1.6423,0.999008,-0.729718,-0.747448,-0.673327,0.447779,1.82382,0.22771,0.16833,2.7318,1,-0.856997,0.165431,0.262185
1,0.377139,1.6338,0.99882,-0.731469,-0.754664,-0.685785,0.428107,1.79431,0.22775,0.1686,2.70283,1,-0.833756,0.162726,0.258068
1,0.342696,1.62097,0.998415,-0.767515,-0.798522,-0.729777,0.42114,1.76695,0.226302,0.168322,2.68438,1,-0.805489,0.159812,0.248488
1,0.36281,1.67259,0.998823,-0.740986,-0.738023,-0.682405,0.364412,1.82504,0.223679,0.172577,2.74064,1,-0.85414,0.162977,0.271236
1,0.367276,1.67825,0.998894,-0.756549,-0.785664,-0.741049,0.38027,1.85816,0.228435,0.172552,2.76221,1,-0.858653,0.172902,0.280558
1,0.355266,1.67313,0.998546,-0.743746,-0.758645,-0.709011,0.401004,1.83781,0.222309,0.176439,2.74511,1,-0.853643,0.167699,0.276544
1,0.372935,1.69451,0.99862,-0.732664,-0.709447,-0.634958,0.362076,1.85809,0.226422,0.185029,2.765,1,-0.885503,0.180304,0.29398
2,0.0740428,0.537984,0.994013,0.998854,-0.720679,-0.431922,0.958859,0.288047,0.654655,0.0743256,0.913547,1,-0.100342,0.0183331,0.0315636
2,0.0602452,0.52911,0.99475,0.998522,-0.739562,-0.319561,0.974744,0.305075,0.657859,0.0854317,0.914136,1,-0.101899,0.016718,0.0320404
2,0.0777774,0.551195,0.993834,0.997738,-0.685258,-0.249862,0.972126,0.303213,0.666644,0.0827517,0.925284,1,-0.101702,0.0168734,0.0312259
2,0.0925358,0.570436,0.994154,0.997896,-0.654112,-0.295186,0.974724,0.312275,0.663107,0.0933579,0.93308,1,-0.0991021,0.0151502,0.0322573
2,0.0934481,0.588663,0.994338,0.997271,-0.537437,-0.0539004,0.978026,0.319449,0.673664,0.0995142,0.938361,1,-0.0976313,0.0163633,0.0323487
2,0.0945312,0.592817,0.994685,0.99796,-0.57546,-0.338887,0.98582,0.305943,0.687348,0.0715199,0.927928,1,-0.0950818,0.0165793,0.0350558
2,0.1134,0.61556,0.99766,0.999173,-0.596286,-0.41079,0.998084,0.309425,0.691623,0.0854926,0.928813,1,-0.093823,0.0175907,0.0358304
2,0.106936,0.627169,0.998397,0.999326,-0.611005,-0.418115,0.988626,0.305563,0.690212,0.0895933,0.922576,1,-0.0931268,0.0195593,0.0404815
2,0.102989,0.615863,0.998963,0.999298,-0.526118,-0.232428,0.986349,0.274383,0.699522,0.0881787,0.918348,1,-0.0948793,0.0206321,0.0425256
2,0.109255,0.620591,0.998421,0.999253,-0.498323,0.0660233,0.981827,0.24464,0.689138,0.0996522,0.928248,1,-0.0951784,0.0206874,0.0380922
2,0.099506,0.61144,0.997782,0.999684,-0.537085,-0.0778474,0.976398,0.240139,0.683979,0.100031,0.925241,1,-0.0947403,0.0218918,0.0396392
2,0.100024,0.599363,0.998115,0.999729,-0.574243,-0.0607286,0.972544,0.23785,0.675467,0.102153,0.921518,1,-0.0952897,0.0212015,0.0378067
2,0.0920623,0.596269,0.99804,0.998925,-0.570443,-0.0697334,0.974127,0.203715,0.67609,0.107662,0.928946,1,-0.0960636,0.0194067,0.0364019
2,0.0929477,0.599581,0.997856,0.999003,-0.514395,-0.000837475,0.987922,0.209788,0.686352,0.106352,0.931727,1,-0.0948383,0.0202147,0.0372536
2,0.090626,0.604104,0.996668,0.999373,-0.526273,-0.0703248,0.980255,0.234596,0.682501,0.107228,0.930449,1,-0.0952899,0.0198169,0.0389097
2,0.0931821,0.601669,0.997495,0.999493,-0.476512,0.0973645,0.980666,0.248482,0.68637,0.111621,0.930476,1,-0.0963402,0.0189229,0.0372157
2,0.0936443,0.600191,0.998087,0.999517,-0.474865,0.113898,0.978637,0.257399,0.684214,0.112378,0.929892,1,-0.0976785,0.0189974,0.0365596
2,0.0923942,0.602315,0.998028,0.999313,-0.446229,0.206528,0.974711,0.243488,0.686089,0.120633,0.930712,1,-0.0977937,0.0190195,0.0374623
2,0.0960262,0.609492,0.997244,0.99955,-0.44802,0.138387,0.973345,0.244047,0.683313,0.119543,0.931135,1,-0.097102,0.0189666,0.0383118
2,0.091793,0.600802,0.997412,0.999648,-0.500314,-0.00579946,0.976925,0.25027,0.674155,0.112762,0.932214,1,-0.096126,0.0182755,0.0372882
2,0.083425,0.584175,0.998047,0.99875,-0.597646,-0.303488,0.968951,0.210422,0.675787,0.0957747,0.923259,1,-0.0960777,0.0193659,0.0358951
2,0.0797096,0.582442,0.998426,0.998662,-0.602479,-0.127539,0.969012,0.18324,0.657117,0.115439,0.930389,1,-0.0978217,0.0174801,0.0368013
2,0.0766453,0.577357,0.997609,0.999637,-0.570231,-0.158994,0.976987,0.19864,0.658976,0.109682,0.930262,1,-0.0967564,0.0172111,0.0374009
2,0.0734945,0.579114,0.997858,0.999497,-0.586936,-0.00939366,0.973074,0.221194,0.660757,0.124656,0.928,1,-0.0980339,0.0175731,0.0363031
2,0.0674794,0.567118,0.997824,0.999292,-0.605814,-0.138411,0.977458,0.216593,0.663079,0.113625,0.928397,1,-0.0987435,0.0174992,0.0376225
2,0.0663478,0.56802,0.997981,0.998821,-0.607438,-0.0188961,0.978193,0.216175,0.669231,0.117065,0.930944,1,-0.0995828,0.0190143,0.0371408
2,0.0678245,0.569438,0.998352,0.998918,-0.613158,-0.196259,0.971975,0.218102,0.671704,0.11023,0.9226,1,-0.0985024,0.0170569,0.0368761
3,0.414415,0.511624,0.994258,0.998203,-0.733932,-0.665591,0.966549,0.222862,0.682898,0.0729039,0.953796,1,-0.121571,0.0040096,0.0116257
3,0.412564,0.498503,0.995061,0.999528,-0.776195,-0.729133,0.962719,0.22428,0.658241,0.0616038,0.943901,1,-0.120509,0.00117469,0.0115438
3,0.418883,0.504853,0.992736,0.998786,-0.78532,-0.739473,0.95597,0.22532,0.650014,0.0535275,0.946168,1,-0.11902,0.00391817,0.0113324
3,0.408564,0.506262,0.994322,0.999212,-0.800624,-0.762606,0.95188,0.227675,0.654568,0.0604778,0.940007,1,-0.117328,0.00440379,0.0143457
3,0.407546,0.516458,0.994988,0.999853,-0.79053,-0.769581,0.952406,0.226807,0.668082,0.052729,0.942668,1,-0.114304,0.00547741,0.0171508
3,0.411649,0.507108,0.993395,0.999967,-0.812901,-0.784105,0.953497,0.230377,0.669458,0.0554624,0.93856,1,-0.112255,0.00518699,0.0151524
3,0.410385,0.512244,0.994415,0.999964,-0.818975,-0.804566,0.946629,0.229915,0.663242,0.0567513,0.940338,1,-0.113749,0.00568753,0.017827
3,0.402532,0.508627,0.994475,0.999976,-0.828631,-0.802431,0.934571,0.223252,0.665815,0.0622411,0.933764,1,-0.114102,0.00753898,0.0210648
3,0.401223,0.527875,0.995195,0.999938,-0.83,-0.811423,0.937439,0.176057,0.670019,0.0663126,0.940759,1,-0.114682,0.00810552,0.023131
3,0.40213,0.535307,0.994925,0.999815,-0.812828,-0.807634,0.950041,0.164526,0.672732,0.0647888,0.943404,1,-0.116607,0.00693533,0.0222227
3,0.364768,0.439125,0.993751,0.999882,-0.824266,-0.834151,0.98979,0.165115,0.664935,0.0665998,0.951219,1,-0.114211,0.0074727,0.0173776
3,0.358418,0.426139,0.995327,0.999941,-0.812225,-0.833205,0.98969,0.169271,0.670962,0.0648867,0.948441,1,-0.110839,0.00732925,0.0177263
3,0.354466,0.417591,0.995839,0.999974,-0.817143,-0.827355,0.993068,0.173781,0.670994,0.0657888,0.950654,1,-0.109585,0.00767769,0.0188583
3,0.348062,0.404221,0.997404,0.999588,-0.816406,-0.815643,0.996784,0.187332,0.679167,0.0621208,0.953803,1,-0.107383,0.00955254,0.0210169
3,0.37499,0.416914,0.997804,0.999774,-0.799026,-0.808067,0.989898,0.256098,0.685429,0.0625372,0.944871,1,-0.110938,0.0110856,0.0183524
3,0.394626,0.450593,0.995709,0.999864,-0.814293,-0.817139,0.972705,0.271226,0.679703,0.066358,0.936921,1,-0.11096,0.00952948,0.0185561
3,0.35525,0.405479,0.996703,0.999429,-0.807388,-0.81613,0.979413,0.270505,0.680983,0.0660693,0.939153,1,-0.110425,0.010558,0.0214422
3,0.371218,0.423166,0.996359,0.999564,-0.809081,-0.822528,0.980197,0.273823,0.685357,0.0656448,0.940542,1,-0.1095,0.0109333,0.019966
3,0.390238,0.4575,0.99619,0.999798,-0.80818,-0.81841,0.972549,0.276992,0.687102,0.0660821,0.937923,1,-0.110127,0.00981091,0.0202268
3,0.40547,0.473167,0.996887,0.999726,-0.794305,-0.800036,0.942208,0.273469,0.687081,0.0624282,0.938477,1,-0.112068,0.00934114,0.0168393
3,0.399312,0.472223,0.996575,0.999628,-0.790363,-0.804265,0.964871,0.271352,0.692216,0.0641728,0.939157,1,-0.109768,0.00982817,0.0185013
3,0.396666,0.47851,0.996425,0.999846,-0.791654,-0.802863,0.972275,0.251481,0.687244,0.0656262,0.941242,1,-0.112057,0.00859598,0.0221659
3,0.397062,0.467872,0.997266,0.99928,-0.780277,-0.774192,0.968501,0.245561,0.68457,0.0616593,0.944123,1,-0.113099,0.00975077,0.0191334
3,0.3906,0.474409,0.997347,0.99953,-0.790554,-0.81129,0.974499,0.246952,0.692616,0.0644593,0.942027,1,-0.110757,0.0100069,0.0224039
3,0.391749,0.472924,0.997036,0.999506,-0.794383,-0.794573,0.964937,0.244305,0.694338,0.0639172,0.942027,1,-0.1093,0.0100196,0.0216273
3,0.388795,0.443497,0.99031,0.997673,-0.399011,-0.624396,0.999582,0.238865,0.458512,0.145799,0.923031,1,-0.103776,0.0159849,-0.0266549
4,0.093994,0.524002,0.989807,0.986369,0.982742,0.998937,0.783676,0.233961,0.134741,0.213361,0.920772,1,-0.128795,0.013426,0.0117324
4,0.098574,0.517633,0.989301,0.984998,0.982941,0.999364,0.768914,0.240821,0.157299,0.204082,0.915042,1,-0.127807,0.0135342,0.0101292
4,0.0885987,0.506304,0.987584,0.981964,0.978213,0.998958,0.728335,0.250151,0.14694,0.207013,0.911114,1,-0.127936,0.0114859,0.00976173
4,0.0800635,0.515077,0.990258,0.98497,0.984336,0.999869,0.815795,0.240742,0.169551,0.222218,0.911804,1,-0.126435,0.0152106,0.0112582
4,0.0936816,0.521856,0.990969,0.984719,0.982099,0.999561,0.768087,0.240248,0.174675,0.221184,0.912868,1,-0.125689,0.01489,0.0110942
4,0.0902258,0.520629,0.987958,0.981041,0.981816,0.999458,0.784416,0.252278,0.174476,0.221772,0.908003,1,-0.128358,0.0147666,0.0129665
4,0.088262,0.513462,0.988926,0.983651,0.984126,0.999358,0.809657,0.248171,0.188476,0.214643,0.908852,1,-0.125972,0.0157966,0.00898928
4,0.0903856,0.529144,0.989268,0.985639,0.987502,0.999522,0.839094,0.241459,0.196072,0.226984,0.908398,1,-0.125209,0.0173277,0.0132883
4,0.0940842,0.543506,0.99262,0.988717,0.989986,0.999891,0.857847,0.230021,0.178893,0.240061,0.913831,1,-0.121268,0.0191278,0.0111307
4,0.0991585,0.551038,0.992462,0.988551,0.989166,0.999965,0.84304,0.223036,0.186197,0.228963,0.91811,1,-0.120029,0.0193524,0.00920063
4,0.100128,0.555077,0.993158,0.986838,0.990109,0.999968,0.846286,0.213303,0.189424,0.227525,0.922597,1,-0.120526,0.0202368,0.0100966
4,0.0966325,0.553181,0.993658,0.986982,0.989612,0.999956,0.84355,0.217717,0.189939,0.231771,0.920751,1,-0.119987,0.0202216,0.00985184
4,0.0978194,0.553213,0.992806,0.987645,0.989283,0.999972,0.836831,0.214264,0.190963,0.230436,0.922386,1,-0.11981,0.0201792,0.0106212
4,0.103863,0.557303,0.992069,0.987326,0.988582,0.999972,0.839342,0.216185,0.187363,0.233863,0.922738,1,-0.119694,0.0199314,0.0102968
4,0.0947577,0.546793,0.992737,0.987155,0.988264,0.999951,0.813709,0.219535,0.193854,0.224101,0.91801,1,-0.119499,0.0184313,0.00983843
4,0.0961156,0.54475,0.993115,0.98882,0.989977,0.99998,0.832978,0.216474,0.195023,0.222686,0.916534,1,-0.117537,0.0194271,0.00958761
4,0.0990064,0.552156,0.99261,0.988539,0.989663,0.999966,0.843046,0.216816,0.189867,0.230846,0.917346,1,-0.117767,0.020279,0.0103287
4,0.101295,0.552029,0.992537,0.988212,0.988923,0.999951,0.829533,0.223138,0.184877,0.231284,0.915353,1,-0.119574,0.019639,0.0117049
4,0.0989981,0.549751,0.992947,0.987801,0.988786,0.999995,0.814668,0.225988,0.189541,0.231053,0.914518,1,-0.120132,0.0193653,0.0117534
4,0.0942653,0.546096,0.992983,0.988309,0.990198,0.999985,0.845634,0.230337,0.187318,0.231908,0.916388,1,-0.117318,0.0197475,0.0101586
4,0.0948734,0.541391,0.993318,0.988068,0.98853,0.999384,0.824221,0.225914,0.203926,0.230716,0.912204,1,-0.11868,0.0190813,0.00989279
4,0.0903742,0.541734,0.993679,0.98806,0.988279,0.999158,0.814314,0.21744,0.203898,0.231692,0.915996,1,-0.118188,0.0190981,0.00979898
4,0.0939417,0.543956,0.994233,0.988152,0.989275,0.999488,0.82371,0.215329,0.206137,0.227598,0.91659,1,-0.11663,0.0194579,0.00848362
4,0.0856885,0.538277,0.993917,0.988197,0.989869,0.999663,0.816229,0.196512,0.206725,0.224986,0.921556,1,-0.116859,0.0190336,0.0104032
4,0.0905731,0.545422,0.994911,0.988284,0.989378,0.999316,0.806483,0.200325,0.223424,0.227937,0.916026,1,-0.115849,0.0192009,0.0108313
4,0.0935187,0.548615,0.995327,0.986651,0.988845,0.999046,0.792823,0.169023,0.239347,0.224374,0.922801,1,-0.115538,0.019386,0.0119723
4,0.0922068,0.548744,0.993524,0.987483,0.988849,0.999557,0.807123,0.168868,0.220126,0.227664,0.928733,1,-0.1177,0.0199474,0.0115509
4,0.095637,0.55385,0.99386,0.987414,0.989958,0.999713,0.802106,0.177397,0.219947,0.225986,0.926975,1,-0.117078,0.020309,0.0108051
5,0.471313,0.560902,0.991157,0.987845,0.993929,0.999046,0.954664,0.220372,0.168881,0.234765,0.923972,1,-0.139006,0.0146729,0.00492799
5,0.471062,0.575491,0.990214,0.983086,0.98668,0.999799,0.954259,0.213847,0.181495,0.215181,0.923702,1,-0.135656,0.0106917,-0.00202175
5,0.478466,0.588645,0.989772,0.981997,0.984493,0.999478,0.964541,0.225594,0.173392,0.227336,0.920011,1,-0.13842,0.00748005,-0.00362449
5,0.466223,0.574168,0.98959,0.982782,0.984549,0.999238,0.962158,0.222399,0.171614,0.225536,0.917534,1,-0.135219,0.00815882,-0.00106675
5,0.404322,0.487308,0.988572,0.982617,0.981911,0.99813,0.976763,0.215747,0.166396,0.22399,0.922699,1,-0.137577,0.00429082,-0.00294653
5,0.362724,0.439232,0.987746,0.981597,0.980961,0.999005,0.994427,0.216169,0.16905,0.220436,0.918277,1,-0.135254,0.00336209,-0.004428
5,0.370244,0.446094,0.988394,0.982903,0.980885,0.998958,0.993945,0.211309,0.174271,0.219399,0.923253,1,-0.13448,0.00352204,-0.00508788
5,0.369234,0.455543,0.98853,0.984626,0.982954,0.999027,0.98956,0.193676,0.187295,0.202901,0.927941,1,-0.132461,0.00411424,-0.00668427
5,0.353951,0.465925,0.989454,0.984988,0.983822,0.99745,0.992768,0.157674,0.192908,0.183284,0.932534,1,-0.127132,0.00355597,-0.00336516
5,0.347401,0.468855,0.990884,0.988266,0.986338,0.997418,0.994408,0.127321,0.221738,0.185197,0.931081,1,-0.126841,0.00522917,-0.00143894
5,0.339548,0.465506,0.991372,0.989044,0.988252,0.997653,0.997292,0.127831,0.210601,0.18917,0.929062,1,-0.12557,0.00577135,0.00010563
5,0.343158,0.442776,0.992593,0.98785,0.986621,0.998972,0.996476,0.161421,0.223603,0.196925,0.928803,1,-0.126015,0.00713039,-0.00219687
5,0.345488,0.41906,0.992136,0.988028,0.984707,0.999478,0.994813,0.201312,0.245787,0.201816,0.921492,1,-0.124277,0.00932434,-0.00776646
5,0.367419,0.439664,0.99138,0.988862,0.9868,0.999719,0.994357,0.209438,0.238983,0.21853,0.920668,1,-0.125464,0.012103,-0.00637998
5,0.356126,0.430889,0.993341,0.99091,0.986382,0.999815,0.996905,0.193616,0.243,0.22407,0.921127,1,-0.125224,0.0122578,-0.00564365
5,0.359205,0.438338,0.993634,0.99089,0.987553,0.999934,0.996272,0.211796,0.209279,0.239739,0.920684,1,-0.124992,0.0131419,-0.0042429
5,0.359265,0.441253,0.992003,0.989283,0.985096,0.998894,0.996067,0.221675,0.17526,0.249533,0.916722,1,-0.125657,0.0109545,-0.00286072
5,0.360603,0.444106,0.991202,0.989072,0.985215,0.99787,0.994653,0.220397,0.139761,0.255302,0.916631,1,-0.125119,0.0119186,-0.000640783
5,0.360589,0.449422,0.991373,0.988624,0.985948,0.998953,0.991644,0.221253,0.136467,0.255194,0.922333,1,-0.125139,0.0116776,-0.00195875
5,0.36519,0.438482,0.992978,0.989229,0.985754,0.999259,0.992103,0.229672,0.160691,0.251926,0.920355,1,-0.125243,0.0114597,-0.00433016
5,0.37107,0.442918,0.991663,0.987497,0.985398,0.999212,0.993738,0.235431,0.164554,0.243707,0.918685,1,-0.12771,0.0114288,-0.00373437
5,0.377664,0.442274,0.992574,0.988797,0.98676,0.999718,0.988796,0.234177,0.173758,0.245514,0.919144,1,-0.126885,0.0119671,-0.00618276
5,0.381694,0.444268,0.992522,0.98874,0.987008,0.999924,0.997145,0.232485,0.179524,0.24557,0.918093,1,-0.127663,0.0122097,-0.00709387
5,0.391631,0.452662,0.991964,0.989781,0.988332,0.999707,0.997041,0.23234,0.179245,0.24488,0.919223,1,-0.126874,0.0130719,-0.00590705
5,0.390589,0.452117,0.992954,0.99132,0.990736,0.999622,0.995646,0.233841,0.180975,0.245494,0.917526,1,-0.126442,0.0145916,-0.0054176
5,0.380957,0.441548,0.99359,0.992422,0.991335,0.999937,0.997062,0.224862,0.185736,0.239371,0.920206,1,-0.123694,0.0133876,-0.00551933
5,0.361542,0.440705,0.990961,0.988807,0.988435,0.999913,0.999257,0.223078,0.188212,0.21408,0.922526,1,-0.12308,0.0128145,-0.00791554
5,0.350098,0.451095,0.993709,0.993356,0.99458,0.998367,0.998475,0.19668,0.195692,0.22312,0.936738,1,-0.116382,0.0182958,0.00476912
6,0.13535,0.56932,0.996806,0.993206,0.995132,-0.826345,0.990815,0.196868,0.208664,0.598321,0.936889,1,-0.112297,0.0175723,0.00383651
6,0.123863,0.541592,0.995145,0.987785,0.989126,-0.783987,0.988484,0.20138,0.200256,0.479954,0.926038,1,-0.110539,0.016417,0.00387112
6,0.128684,0.551773,0.994223,0.985579,0.98811,-0.821936,0.985148,0.2025,0.203509,0.476203,0.926312,1,-0.111315,0.0160444,0.00393178
6,0.116901,0.546901,0.995445,0.988268,0.99229,-0.808054,0.990077,0.201091,0.208392,0.536623,0.930915,1,-0.111461,0.0185886,0.00552698
6,0.109336,0.546335,0.994833,0.985955,0.990663,-0.782823,0.987917,0.201202,0.210342,0.551957,0.928548,1,-0.110623,0.0174598,0.00564651
6,0.111195,0.546282,0.996201,0.988354,0.991764,-0.743093,0.984461,0.203891,0.212334,0.5497,0.925252,1,-0.109802,0.0173861,0.00627705
6,0.112704,0.555118,0.995512,0.988627,0.992007,-0.814781,0.986771,0.205516,0.209501,0.5368,0.926765,1,-0.10921,0.0183762,0.00432206
6,0.103315,0.55157,0.995918,0.992137,0.994954,-0.656804,0.994939,0.21153,0.202109,0.584525,0.923598,1,-0.108091,0.0183058,0.0109465
6,0.10115,0.548225,0.996521,0.990793,0.992973,-0.778937,0.985276,0.209764,0.207144,0.589008,0.921796,1,-0.110211,0.0171004,0.00708949
6,0.103577,0.553961,0.996329,0.990525,0.992599,-0.783941,0.981907,0.209259,0.207588,0.585613,0.922362,1,-0.110398,0.0176678,0.00708885
6,0.100315,0.546567,0.996082,0.989922,0.994044,-0.737522,0.983728,0.211847,0.210264,0.589834,0.92205,1,-0.110565,0.0177485,0.00913496
6,0.110665,0.551731,0.995408,0.988158,0.992228,-0.633573,0.99022,0.206999,0.209148,0.551859,0.923903,1,-0.108972,0.0184551,0.0101861
6,0.103314,0.554216,0.995633,0.990013,0.995382,-0.712481,0.986516,0.209853,0.1986,0.548017,0.92475,1,-0.108621,0.0170867,0.0111269
6,0.0876042,0.517879,0.996359,0.993293,0.993349,-0.615986,0.995156,0.208193,0.235926,0.440485,0.933456,1,-0.101331,0.01554,0.00358252
6,0.105516,0.531391,0.996118,0.99066,0.996556,-0.730021,0.996533,0.201611,0.178213,0.549321,0.938263,1,-0.10218,0.0177176,0.00291957
6,0.108254,0.523995,0.996531,0.991605,0.995435,-0.675376,0.993658,0.189549,0.193018,0.603984,0.928704,1,-0.103786,0.0171662,0.00520485
6,0.101424,0.514828,0.996499,0.992138,0.996622,-0.706209,0.995747,0.192457,0.190513,0.592203,0.925888,1,-0.10441,0.0171675,0.00419555
6,0.105553,0.523528,0.99582,0.989253,0.994211,-0.685666,0.997591,0.174176,0.192452,0.571965,0.936266,1,-0.106211,0.0175647,0.00411835
6,0.0939292,0.522885,0.996216,0.990528,0.996261,-0.696039,0.997393,0.192861,0.198001,0.598831,0.93103,1,-0.106674,0.0186966,0.00351626
6,0.0904491,0.523036,0.996686,0.992669,0.996504,-0.695844,0.994318,0.193601,0.197241,0.570056,0.929541,1,-0.105161,0.0184294,0.0025967
6,0.100886,0.546745,0.995581,0.99071,0.99658,-0.696104,0.994919,0.193585,0.206673,0.564174,0.927446,1,-0.104747,0.0201747,0.00606531
6,0.113603,0.560974,0.995837,0.988504,0.994748,-0.730736,0.997863,0.193784,0.210629,0.561847,0.930972,1,-0.105471,0.0204945,0.00608569
6,0.0829116,0.533933,0.996064,0.989777,0.994872,-0.71928,0.992288,0.197467,0.198432,0.540714,0.932353,1,-0.107068,0.0192694,0.00602248
6,0.110917,0.569769,0.997431,0.992994,0.995837,-0.733886,0.991996,0.19469,0.224645,0.602081,0.944525,1,-0.112594,0.0207055,0.00479184
6,0.153166,0.579928,0.996194,0.990055,0.99342,-0.780568,0.993635,0.190594,0.225444,0.573002,0.949748,1,-0.11384,0.0186091,0.00226093
6,0.116172,0.558996,0.995187,0.987453,0.990675,-0.802291,0.989521,0.214112,0.216131,0.57222,0.936149,1,-0.112835,0.0178574,0.00606999
6,0.0857487,0.525157,0.995748,0.986722,0.993056,-0.783361,0.974638,0.264933,0.175101,0.584236,0.902717,1,-0.110858,0.013711,0.0101895
6,0.0808745,0.52086,0.995263,0.986001,0.992729,-0.746905,0.96526,0.250147,0.174609,0.581731,0.898428,1,-0.109598,0.0150216,0.0137412
6,0.0876032,0.540132,0.996365,0.986951,0.990932,-0.716057,0.981978,0.188251,0.210799,0.596909,0.923937,1,-0.110403,0.0169916,0.0123724
6,0.0835561,0.551015,0.996632,0.988124,0.992361,-0.736353,0.977428,0.173566,0.212386,0.598782,0.929537,1,-0.107404,0.0180148,0.0142774
6,0.08662,0.547692,0.997194,0.988217,0.993405,-0.729279,0.986173,0.157335,0.210358,0.587694,0.938607,1,-0.107184,0.0178111,0.00982765
6,0.0935213,0.554584,0.995976,0.987474,0.992758,-0.742237,0.980037,0.176459,0.204451,0.579654,0.929025,1,-0.104935,0.0180033,0.0117019
7,0.138803,0.487733,0.998654,0.99953,-0.688355,0.989146,0.977608,0.229598,0.517069,0.340826,0.928572,1,-0.12207,0.0202009,0.00664619
7,0.114091,0.487175,0.999554,0.999406,-0.721159,0.991338,0.975351,0.244146,0.507729,0.347521,0.923637,1,-0.118013,0.020301,0.0102313
7,0.118346,0.497608,0.999074,0.999152,-0.718911,0.992095,0.964992,0.241777,0.507426,0.347045,0.926996,1,-0.117471,0.0179402,0.013549
7,0.114939,0.508779,0.997293,0.998686,-0.697328,0.99324,0.954904,0.239903,0.473905,0.320273,0.926566,1,-0.119834,0.0165956,0.0134771
7,0.123101,0.513933,0.998049,0.998793,-0.720819,0.994635,0.960344,0.236379,0.495609,0.339828,0.933026,1,-0.120691,0.0172383,0.0132613
7,0.118362,0.513304,0.998418,0.999099,-0.730833,0.992452,0.953538,0.242326,0.508985,0.348398,0.927539,1,-0.119505,0.0175004,0.0135051
7,0.107386,0.511917,0.998046,0.999119,-0.77694,0.991738,0.943174,0.235883,0.507546,0.356338,0.926127,1,-0.119691,0.0170615,0.0140244
7,0.0962452,0.525525,0.998448,0.999873,-0.78608,0.982602,0.938746,0.235679,0.558009,0.402643,0.927909,1,-0.11669,0.0196821,0.0152746
7,0.101565,0.554147,0.999133,0.999977,-0.765906,0.981588,0.947105,0.239155,0.585128,0.425777,0.930558,1,-0.112017,0.0229853,0.0181893
7,0.112232,0.549345,0.998302,0.999696,-0.80788,0.989948,0.930642,0.239821,0.5346,0.397911,0.930694,1,-0.115832,0.0210301,0.0164369
7,0.105194,0.537552,0.998334,0.99969,-0.808279,0.989127,0.933178,0.241077,0.531334,0.391518,0.930128,1,-0.116493,0.0203103,0.0137424
7,0.114931,0.546766,0.998879,0.999693,-0.769839,0.986481,0.943617,0.247616,0.549,0.400994,0.923189,1,-0.116071,0.0205436,0.0149751
7,0.115161,0.55173,0.999166,0.99992,-0.757643,0.984439,0.945444,0.242025,0.562768,0.415876,0.927078,1,-0.117745,0.0218253,0.013126
7,0.11484,0.548372,0.998696,0.999975,-0.758496,0.983569,0.951009,0.23952,0.571946,0.419934,0.92928,1,-0.11514,0.0220691,0.0131148
7,0.112956,0.550987,0.998549,0.99989,-0.749872,0.982859,0.953196,0.245117,0.580868,0.424987,0.923821,1,-0.114825,0.022495,0.013789
7,0.107324,0.547318,0.998981,0.99973,-0.772435,0.979486,0.942591,0.240326,0.573579,0.424584,0.92425,1,-0.114738,0.0228984,0.0135784
7,0.112173,0.550641,0.998286,0.999861,-0.747585,0.981921,0.954463,0.24303,0.587601,0.428736,0.92346,1,-0.114909,0.0228715,0.0164024
7,0.107492,0.558553,0.998792,0.999808,-0.762629,0.981767,0.936548,0.242117,0.579961,0.427437,0.925953,1,-0.113584,0.0222788,0.0157653
7,0.106558,0.55412,0.998393,0.999969,-0.764955,0.981653,0.942477,0.241272,0.573762,0.427657,0.927408,1,-0.114444,0.0229305,0.017665
7,0.10852,0.557391,0.998116,0.999773,-0.755171,0.983457,0.940121,0.240127,0.575069,0.426194,0.927627,1,-0.115089,0.0219199,0.0161232
7,0.102557,0.551025,0.997926,0.999923,-0.744164,0.982099,0.934453,0.241753,0.577834,0.430105,0.925405,1,-0.115201,0.021504,0.0166715
7,0.118814,0.544732,0.998609,0.999853,-0.75174,0.98455,0.959794,0.236192,0.550741,0.399901,0.927721,1,-0.115966,0.0217378,0.0109871
7,0.127707,0.530547,0.998498,0.999822,-0.761121,0.985811,0.975736,0.232285,0.551969,0.393526,0.928992,1,-0.116799,0.0194667,0.00932699
7,0.135869,0.545263,0.998184,0.999371,-0.703158,0.985391,0.982948,0.223534,0.555713,0.385088,0.927334,1,-0.116997,0.022307,0.0100045
7,0.138326,0.545122,0.997339,0.999924,-0.681591,0.985568,0.984076,0.227462,0.560999,0.392389,0.931128,1,-0.117847,0.0192354,0.00913521
7,0.135311,0.52419,0.99806,0.998736,-0.779208,0.987871,0.992991,0.138701,0.56876,0.395563,0.934068,1,-0.117803,0.0177927,0.00616943
7,0.123221,0.525357,0.998036,0.999911,-0.762519,0.983656,0.990208,0.14044,0.576301,0.406751,0.93621,1,-0.117554,0.0189863,0.0089508
7,0.12218,0.549273,0.997574,0.999817,-0.72743,0.981084,0.974934,0.179226,0.581098,0.411323,0.937857,1,-0.117195,0.0212863,0.011535
8,0.20772,0.725116,0.99735,-0.857891,0.994637,0.996944,0.902322,0.683827,0.865007,0.522254,1.63123,1,-0.421071,0.0265642,0.051211
8,0.242979,0.708502,0.997682,-0.876649,0.996124,0.997538,0.914781,0.719124,0.916927,0.553409,1.66442,1,-0.450531,0.0156229,0.0611137
8,0.219339,0.698151,0.997329,-0.869906,0.995288,0.99786,0.896811,0.711972,0.892792,0.569212,1.65319,1,-0.44383,0.0163373,0.0566198
8,0.21921,0.727252,0.996389,-0.862618,0.993754,0.998512,0.908184,0.731788,0.906839,0.558186,1.68421,1,-0.458024,0.0203256,0.0634613
8,0.216431,0.725864,0.997166,-0.885647,0.995956,0.998736,0.908197,0.681426,0.815035,0.514977,1.65631,1,-0.4141,0.0209105,0.0579731
8,0.251666,0.725945,0.997393,-0.886627,0.996701,0.997667,0.913789,0.714567,0.838478,0.507639,1.6927,1,-0.420214,0.0203313,0.0616123
8,0.201491,0.754475,0.997581,-0.885688,0.994828,0.998201,0.910547,0.715178,0.822039,0.506062,1.68379,1,-0.407661,0.0192453,0.045921
8,0.233413,0.769819,0.996466,-0.86816,0.994342,0.998752,0.908926,0.772471,0.890982,0.545961,1.73153,1,-0.450784,0.0205235,0.0570293
8,0.233342,0.532035,0.991377,-0.876257,0.993367,0.997527,0.935897,0.5211,0.690712,0.49132,1.46102,1,-0.363321,-0.00423368,0.0515197
8,0.319636,0.456164,0.993504,-0.916334,0.991226,0.989843,0.922283,0.494842,0.690639,0.542941,1.42896,1,-0.361153,-0.00717876,0.0546098
8,0.276144,0.470471,0.994333,-0.917657,0.989973,0.994147,0.937936,0.504113,0.694982,0.545951,1.44636,1,-0.36127,-0.00310951,0.0678055
8,0.355959,0.529236,0.99461,-0.910626,0.992911,0.991139,0.936711,0.629605,0.869837,0.598047,1.58098,1,-0.423259,0.00466424,0.0786349
8,0.351861,0.500442,0.995445,-0.86995,0.997132,0.998962,0.941249,0.567204,0.767447,0.447337,1.52003,1,-0.351664,0.00339831,0.0686345
8,0.288739,0.56943,0.996994,-0.899954,0.991979,0.990084,0.936138,0.634821,0.818527,0.587222,1.58466,1,-0.396998,0.0147598,0.0544294
8,0.277564,0.691841,0.998748,-0.810003,0.993894,0.99959,0.959416,0.666451,0.753536,0.565441,1.60658,1,-0.397963,0.0382363,0.0200068
8,0.244174,0.805964,0.999177,-0.774256,0.994604,0.997885,0.953826,0.742219,0.807599,0.532386,1.66853,1,-0.412253,0.0476481,0.0125881
8,0.262641,0.758902,0.999288,-0.777622,0.992758,0.999429,0.962703,0.754599,0.817747,0.529453,1.6797,1,-0.417016,0.0478967,0.0164053
8,0.286749,0.733357,0.999466,-0.785583,0.991901,0.999451,0.957317,0.76454,0.866355,0.552684,1.69052,1,-0.427861,0.0472388,0.028786
8,0.251734,0.769653,0.999487,-0.774368,0.99236,0.9994,0.9574,0.760737,0.843026,0.549176,1.68503,1,-0.423672,0.051083,0.0193267
8,0.242541,0.809122,0.999053,-0.755437,0.993635,0.999237,0.951956,0.741569,0.827952,0.518357,1.66264,1,-0.416762,0.0513086,0.0166697
8,0.250264,0.771612,0.999166,-0.761233,0.991632,0.999531,0.953716,0.779269,0.85914,0.532445,1.69414,1,-0.427884,0.0519206,0.0217619
8,0.252598,0.846929,0.998866,-0.745894,0.99071,0.999525,0.948955,0.863927,0.944369,0.546849,1.76736,1,-0.479985,0.0602829,0.0358214
8,0.436799,1.01733,0.996422,-0.713791,0.979413,0.989274,0.926913,1.61407,1.62093,0.533897,2.55296,1,-0.932678,0.0953262,0.0170412
8,0.377166,0.960162,0.999832,-0.754722,0.984334,0.996177,0.946755,1.29897,1.38471,0.578275,2.25287,1,-0.759781,0.0708841,0.0130011
8,0.411202,1.00155,0.999814,-0.738525,0.982401,0.991533,0.947393,1.4002,1.4629,0.539971,2.34963,1,-0.84125,0.0696477,0.000421844
8,0.396165,0.957119,0.999892,-0.757425,0.984105,0.994622,0.948805,1.29169,1.35147,0.537106,2.24532,1,-0.752028,0.0694366,0.00979615
8,0.399265,1.00904,0.999925,-0.735798,0.978634,0.991136,0.942927,1.42397,1.48937,0.565473,2.3667,1,-0.839308,0.0862699,0.0204945
8,0.420379,1.04884,0.999912,-0.71847,0.976772,0.990146,0.93833,1.48885,1.52342,0.561592,2.43214,1,-0.879343,0.0834684,0.0116748
9,0.198032,0.226152,0.988904,0.992154,0.987425,0.99812,0.862839,0.295905,0.152084,0.215624,0.803002,1,-0.121463,0.00944262,0.0133254
9,0.184462,0.16411,0.931108,0.993288,0.987712,0.999525,0.83467,0.359029,0.151687,0.230009,0.732981,1,-0.122688,0.0101741,0.0200994
9,0.183794,0.0337248,-0.558367,0.997456,0.996743,0.99567,0.822465,0.471922,0.148351,0.227472,0.594786,1,-0.119907,0.0124014,0.0253525
9,0.183742,0.0260691,-0.642053,0.998632,0.995908,0.99484,0.782774,0.487217,0.144071,0.228527,0.585341,1,-0.121464,0.0120634,0.0226522
9,0.184082,0.0172362,-0.655803,0.99725,0.995066,0.996487,0.78327,0.487425,0.144123,0.229868,0.578599,1,-0.118335,0.0121314,0.0251029
9,0.176713,0.0492122,-0.441951,0.996906,0.993768,0.998192,0.72496,0.472256,0.150221,0.232819,0.600552,1,-0.120015,0.0115051,0.0221368
9,0.182529,0.0435267,-0.47016,0.997107,0.993078,0.996917,0.789476,0.467347,0.148565,0.227047,0.608211,1,-0.119194,0.0120126,0.021891
9,0.18328,0.0330085,-0.579762,0.996727,0.993261,0.997304,0.797031,0.480799,0.148611,0.231288,0.59437,1,-0.120071,0.0125932,0.0237594
9,0.2367,0.0690875,-0.710898,0.994568,0.992559,0.998818,0.932661,0.524879,0.18795,0.24988,0.523541,1,-0.121364,0.0167526,0.0275167
9,0.174984,0.0172832,-0.728477,0.999015,0.997119,0.996497,0.626397,0.509574,0.175026,0.252471,0.534973,1,-0.123772,0.0156127,0.0263771
9,0.161582,0.0651738,-0.786856,0.996537,0.994007,0.999294,0.688355,0.536545,0.170175,0.255301,0.505967,1,-0.124038,0.0147385,0.0267661
9,0.155904,0.0576312,-0.79679,0.9988,0.995615,0.998387,0.623541,0.525887,0.177148,0.250491,0.513871,1,-0.124979,0.0146387,0.0279735
9,0.159156,0.0515906,-0.772968,0.998973,0.995685,0.997708,0.686016,0.518899,0.178991,0.248085,0.528055,1,-0.124959,0.0148972,0.0266344
9,0.160728,0.0586376,-0.782068,0.998458,0.995692,0.997706,0.681365,0.525109,0.172566,0.244138,0.520865,1,-0.121704,0.0143214,0.0268389
9,0.158359,0.0535133,-0.75907,0.998793,0.996354,0.997536,0.736171,0.523417,0.173822,0.233714,0.52611,1,-0.121661,0.0146232,0.0259312
9,0.155663,0.0529755,-0.785824,0.99887,0.996528,0.997728,0.687918,0.525626,0.174421,0.233174,0.521963,1,-0.120544,0.0138398,0.0262136
9,0.148848,0.0489585,-0.795262,0.996932,0.994688,0.9983,0.635914,0.541582,0.146296,0.219494,0.510518,1,-0.115129,0.012566,0.0259875
9,0.155313,0.037831,-0.800835,0.991047,0.990052,0.999083,0.583369,0.519732,0.154876,0.188393,0.526809,1,-0.115951,0.0116454,0.024417
9,0.155363,0.054985,-0.794136,0.983039,0.985823,0.995601,0.725697,0.496784,0.160664,0.160624,0.542651,1,-0.11002,0.00928323,0.0212459
9,0.160608,0.0625047,-0.822993,0.977863,0.980166,0.99202,0.70271,0.513464,0.169929,0.153424,0.522817,1,-0.111443,0.00695551,0.017149
9,0.168463,0.0285856,-0.787646,0.99616,0.994335,0.999686,0.645495,0.499427,0.202406,0.194383,0.539237,1,-0.114644,0.01349,0.0234395
9,0.172769,0.0381075,-0.761788,0.995783,0.994672,0.999719,0.676825,0.50506,0.198558,0.191384,0.534348,1,-0.113741,0.0141707,0.0237678
9,0.179562,0.0348949,-0.752093,0.996802,0.996789,0.99974,0.726441,0.490266,0.193216,0.209271,0.549618,1,-0.112913,0.0131233,0.0225293
9,0.175509,0.0170023,-0.655588,0.997009,0.99779,0.998105,0.760833,0.474655,0.185341,0.22058,0.57349,1,-0.114118,0.0131333,0.0214392
9,0.162109,0.0322145,-0.692527,0.996703,0.99791,0.997948,0.781463,0.479347,0.192226,0.240934,0.572043,1,-0.117777,0.0124248,0.0191605
9,0.160133,0.0337591,-0.702223,0.994437,0.99533,0.999312,0.755885,0.469851,0.195449,0.241612,0.578269,1,-0.118997,0.0120391,0.0199734
9,0.162317,0.0284529,-0.693771,0.993986,0.993493,0.999709,0.777842,0.477606,0.194439,0.238156,0.571743,1,-0.117823,0.0127045,0.0198433
9,0.158636,0.0547825,-0.786235,0.989977,0.991106,0.999998,0.771311,0.509701,0.186421,0.223629,0.539192,1,-0.118614,0.0114243,0.0151487
